{"type": "FeatureCollection", "features": [{"type": "Feature", "geometry": {"type": "Polygon", "coordinates": [[[-89.968925, 34.622962], [-89.969223, 34.622958], [-89.969221, 34.622876], [-89.968924, 34.62288], [-89.968925, 34.622962]]]}, "properties": {"id": "1a", "key": "1a", "number": 1, "label": "1A", "name": "Benton Hall A", "parent_name": "Benton Hall", "parent_id": "1", "category": "residence", "notes": "Wings A, B, C", "approx": true, "position_source": "Official map label, georeferenced, snapped to the centroid of the building footprint it marks", "lat": 34.622919, "lng": -89.969073, "height": 6.1, "height_ft": 20.0, "stories_approx": 2.0, "geom_source": "footprint", "footprint_id": "1131033566", "footprint_source": "osm", "ext": {"arch": "dorm", "stories": 2, "floor_h": 3.05, "facade": "dorm_red", "ground": "dorm_red", "roof": "hip_or_flat", "pitch": 20, "trim": "#ece6da", "canopy": "flat_small", "rtu": 0, "height": 6.1, "entrance": 91, "entrance_road": "HWY 51"}, "ext_summary": "2 stories \u00b7 brick residence hall, paired room windows \u00b7 low hipped roof where the footprint is rectangular, otherwise flat w/ parapet \u00b7 entrance canopy \u00b7 entrance cue faces E toward HWY 51", "arch": "dorm"}}, {"type": "Feature", "geometry": {"type": "Polygon", "coordinates": [[[-89.96912, 34.623455], [-89.969225, 34.623453], [-89.969216, 34.623109], [-89.969112, 34.623111], [-89.96912, 34.623455]]]}, "properties": {"id": "1b", "key": "1b", "number": 1, "label": "1B", "name": "Benton Hall B", "parent_name": "Benton Hall", "parent_id": "1", "category": "residence", "notes": "Wings A, B, C", "approx": true, "position_source": "Official map label, georeferenced, snapped to the centroid of the building footprint it marks", "lat": 34.623282, "lng": -89.969168, "height": 6.1, "height_ft": 20.0, "stories_approx": 2.0, "geom_source": "footprint", "footprint_id": "ms-141", "footprint_source": "ms", "ext": {"arch": "dorm", "stories": 2, "floor_h": 3.05, "facade": "dorm_brown", "ground": "dorm_brown", "roof": "hip_or_flat", "pitch": 20, "trim": "#ece6da", "canopy": "flat_small", "rtu": 0, "height": 6.1, "entrance": 89, "entrance_road": "service drive"}, "ext_summary": "2 stories \u00b7 brick residence hall, paired room windows \u00b7 low hipped roof where the footprint is rectangular, otherwise flat w/ parapet \u00b7 entrance canopy \u00b7 entrance cue faces E toward service drive", "arch": "dorm"}}, {"type": "Feature", "geometry": {"type": "Polygon", "coordinates": [[[-89.969131, 34.623924], [-89.969235, 34.623922], [-89.969225, 34.623577], [-89.96912, 34.623579], [-89.969131, 34.623924]]]}, "properties": {"id": "1c", "key": "1c", "number": 1, "label": "1C", "name": "Benton Hall C", "parent_name": "Benton Hall", "parent_id": "1", "category": "residence", "notes": "Wings A, B, C", "approx": true, "position_source": "Official map label, georeferenced, snapped to the centroid of the building footprint it marks", "lat": 34.623769, "lng": -89.969225, "height": 6.1, "height_ft": 20.0, "stories_approx": 2.0, "geom_source": "footprint", "footprint_id": "1131033564", "footprint_source": "osm", "ext": {"arch": "dorm", "stories": 2, "floor_h": 3.05, "facade": "dorm_tan", "ground": "dorm_tan", "roof": "hip_or_flat", "pitch": 20, "trim": "#ece6da", "canopy": "flat_small", "rtu": 0, "height": 6.1, "entrance": 319, "entrance_road": "Union Boulevard"}, "ext_summary": "2 stories \u00b7 brick residence hall, paired room windows \u00b7 low hipped roof where the footprint is rectangular, otherwise flat w/ parapet \u00b7 entrance canopy \u00b7 entrance cue faces NW toward Union Boulevard", "arch": "dorm"}}, {"type": "Feature", "geometry": {"type": "Polygon", "coordinates": [[[-89.972326, 34.624043], [-89.972262, 34.624044], [-89.972262, 34.624018], [-89.972154, 34.62402], [-89.972168, 34.624611], [-89.972286, 34.624609], [-89.972285, 34.624578], [-89.972342, 34.624577], [-89.972337, 34.624397], [-89.972367, 34.624397], [-89.972364, 34.624303], [-89.972332, 34.624304], [-89.972326, 34.624043]]]}, "properties": {"id": "2", "key": "2", "number": 2, "label": "2", "name": "Bobo Hall", "parent_name": null, "parent_id": null, "category": "residence", "notes": "", "approx": false, "position_source": "official map + OSM footprint, user-approved 2026-10-08", "lat": 34.624316, "lng": -89.972248, "height": 7.32, "height_ft": 24.0, "stories_approx": 2.0, "geom_source": "footprint", "footprint_id": "1130670567", "footprint_source": "osm", "ext": {"arch": "dorm", "stories": 2, "floor_h": 3.66, "facade": "dorm_tan", "ground": "dorm_tan", "roof": "hip", "pitch": 20, "trim": "#ece6da", "canopy": "flat_small", "rtu": 0, "height": 7.32, "entrance": 266, "entrance_road": "service drive"}, "ext_summary": "2 stories \u00b7 brick residence hall, paired room windows \u00b7 low hipped shingle roof (same as Taylor Hall #7) \u00b7 entrance canopy \u00b7 entrance cue faces W toward service drive", "arch": "dorm"}}, {"type": "Feature", "geometry": {"type": "Polygon", "coordinates": [[[-89.972725, 34.626474], [-89.972813, 34.626475], [-89.972815, 34.626394], [-89.972547, 34.626389], [-89.972545, 34.626471], [-89.972633, 34.626472], [-89.972633, 34.626497], [-89.972724, 34.626498], [-89.972725, 34.626474]]]}, "properties": {"id": "3a", "key": "3a", "number": 3, "label": "3A", "name": "DeSoto Hall A", "parent_name": "DeSoto Hall", "parent_id": "3", "category": "residence", "notes": "Buildings A, B, C, D", "approx": false, "position_source": "official map + MS footprint (centred), user-approved 2026-10-08", "lat": 34.626437, "lng": -89.97268, "height": 6.1, "height_ft": 20.0, "stories_approx": 2.0, "geom_source": "footprint", "footprint_id": "ms-225", "footprint_source": "ms", "ext": {"arch": "dorm", "stories": 2, "floor_h": 3.05, "facade": "dorm_brown", "ground": "dorm_brown", "roof": "perimeter_hip", "pitch": 28, "trim": "#ece6da", "canopy": "flat_small", "rtu": 0, "height": 6.1, "entrance": 357, "entrance_road": "Northwest Drive", "hip_inset": 3.15}, "ext_summary": "2 stories \u00b7 brick residence hall, paired room windows \u00b7 low hipped roof where the footprint is rectangular, otherwise flat w/ parapet \u00b7 entrance canopy \u00b7 entrance cue faces N toward Northwest Drive", "arch": "dorm"}}, {"type": "Feature", "geometry": {"type": "Polygon", "coordinates": [[[-89.97248, 34.626263], [-89.972386, 34.626264], [-89.972386, 34.62631], [-89.972365, 34.62631], [-89.972367, 34.62644], [-89.972482, 34.626438], [-89.97248, 34.626263]]]}, "properties": {"id": "3b", "key": "3b", "number": 3, "label": "3B", "name": "DeSoto Hall B", "parent_name": "DeSoto Hall", "parent_id": "3", "category": "residence", "notes": "Buildings A, B, C, D", "approx": true, "position_source": "Official map label, georeferenced (label sits on a footprint shared with other labels or a large footprint)", "lat": 34.626374, "lng": -89.972424, "height": 6.1, "height_ft": 20.0, "stories_approx": 2.0, "geom_source": "footprint", "footprint_id": "ms-183", "footprint_source": "ms", "ext": {"arch": "dorm", "stories": 2, "floor_h": 3.05, "facade": "dorm_brown", "ground": "dorm_brown", "roof": "hip_or_flat", "pitch": 20, "trim": "#ece6da", "canopy": "flat_small", "rtu": 0, "height": 6.1, "entrance": 359, "entrance_road": "Northwest Drive"}, "ext_summary": "2 stories \u00b7 brick residence hall, paired room windows \u00b7 low hipped roof where the footprint is rectangular, otherwise flat w/ parapet \u00b7 entrance canopy \u00b7 entrance cue faces N toward Northwest Drive", "arch": "dorm"}}, {"type": "Feature", "geometry": {"type": "Polygon", "coordinates": [[[-89.972725, 34.626203], [-89.972725, 34.626181], [-89.972637, 34.62618], [-89.972636, 34.626204], [-89.972545, 34.626203], [-89.972544, 34.626285], [-89.972817, 34.626288], [-89.972819, 34.626204], [-89.972725, 34.626203]]]}, "properties": {"id": "3c", "key": "3c", "number": 3, "label": "3C", "name": "DeSoto Hall C", "parent_name": "DeSoto Hall", "parent_id": "3", "category": "residence", "notes": "Buildings A, B, C, D", "approx": true, "position_source": "Official map label, georeferenced (label sits on a footprint shared with other labels or a large footprint)", "lat": 34.626244, "lng": -89.972681, "height": 6.1, "height_ft": 20.0, "stories_approx": 2.0, "geom_source": "footprint", "footprint_id": "1130670557", "footprint_source": "osm", "ext": {"arch": "dorm", "stories": 2, "floor_h": 3.05, "facade": "dorm_tan", "ground": "dorm_tan", "roof": "perimeter_hip", "pitch": 28, "trim": "#ece6da", "canopy": "flat_small", "rtu": 0, "height": 6.1, "entrance": 181, "entrance_road": "Collegiate Drive", "hip_inset": 3.15}, "ext_summary": "2 stories \u00b7 brick residence hall, paired room windows \u00b7 low hipped roof where the footprint is rectangular, otherwise flat w/ parapet \u00b7 entrance canopy \u00b7 entrance cue faces S toward Collegiate Drive", "arch": "dorm"}}, {"type": "Feature", "geometry": {"type": "Polygon", "coordinates": [[[-89.972866, 34.626433], [-89.972963, 34.626435], [-89.972965, 34.626375], [-89.972993, 34.626376], [-89.972995, 34.626308], [-89.972964, 34.626307], [-89.972966, 34.626257], [-89.972872, 34.626255], [-89.972866, 34.626433]]]}, "properties": {"id": "3d", "key": "3d", "number": 3, "label": "3D", "name": "DeSoto Hall D", "parent_name": "DeSoto Hall", "parent_id": "3", "category": "residence", "notes": "Buildings A, B, C, D", "approx": true, "position_source": "Official map label, georeferenced (label sits on a footprint shared with other labels or a large footprint)", "lat": 34.626342, "lng": -89.972932, "height": 6.1, "height_ft": 20.0, "stories_approx": 2.0, "geom_source": "footprint", "footprint_id": "1130670559", "footprint_source": "osm", "ext": {"arch": "dorm", "stories": 2, "floor_h": 3.05, "facade": "dorm_brown", "ground": "dorm_brown", "roof": "perimeter_hip", "pitch": 28, "trim": "#ece6da", "canopy": "flat_small", "rtu": 0, "height": 6.1, "entrance": 355, "entrance_road": "Northwest Drive", "hip_inset": 2.93}, "ext_summary": "2 stories \u00b7 brick residence hall, paired room windows \u00b7 low hipped roof where the footprint is rectangular, otherwise flat w/ parapet \u00b7 entrance canopy \u00b7 entrance cue faces N toward Northwest Drive", "arch": "dorm"}}, {"type": "Feature", "geometry": {"type": "Polygon", "coordinates": [[[-89.972256, 34.622399], [-89.972196, 34.6224], [-89.972195, 34.622366], [-89.972123, 34.622367], [-89.972127, 34.622527], [-89.97209, 34.622528], [-89.972103, 34.623025], [-89.972223, 34.623023], [-89.972222, 34.622988], [-89.972287, 34.622987], [-89.972278, 34.622655], [-89.972262, 34.622655], [-89.972256, 34.622399]]]}, "properties": {"id": "4", "key": "4", "number": 4, "label": "4", "name": "Gainey Hall", "parent_name": null, "parent_id": null, "category": "residence", "notes": "", "approx": true, "position_source": "Official map label, georeferenced, snapped to the centroid of the building footprint it marks", "lat": 34.622713, "lng": -89.972178, "height": 7.32, "height_ft": 24.0, "stories_approx": 2.0, "geom_source": "footprint", "footprint_id": "1218254488", "footprint_source": "osm", "ext": {"arch": "dorm", "stories": 2, "floor_h": 3.66, "facade": "dorm_tan", "ground": "dorm_tan", "roof": "hip_or_flat", "pitch": 20, "trim": "#ece6da", "canopy": "flat_small", "rtu": 0, "height": 7.32, "entrance": 90, "entrance_road": "Ranger Drive"}, "ext_summary": "2 stories \u00b7 brick residence hall, paired room windows \u00b7 low hipped roof where the footprint is rectangular, otherwise flat w/ parapet \u00b7 entrance canopy \u00b7 entrance cue faces E toward Ranger Drive", "arch": "dorm"}}, {"type": "Feature", "geometry": {"type": "Polygon", "coordinates": [[[-89.973458, 34.622379], [-89.973454, 34.622257], [-89.97291, 34.622269], [-89.972909, 34.622239], [-89.972793, 34.622242], [-89.972795, 34.622276], [-89.972346, 34.622286], [-89.97235, 34.622411], [-89.972823, 34.6224], [-89.972824, 34.622425], [-89.972974, 34.622422], [-89.972973, 34.622389], [-89.973458, 34.622379]]]}, "properties": {"id": "5", "key": "5", "number": 5, "label": "5", "name": "Quitman Hall", "parent_name": null, "parent_id": null, "category": "residence", "notes": "", "approx": true, "position_source": "Official map label, georeferenced, snapped to the centroid of the building footprint it marks", "lat": 34.622294, "lng": -89.972793, "height": 7.32, "height_ft": 24.0, "stories_approx": 2.0, "geom_source": "footprint", "footprint_id": "1218254489", "footprint_source": "osm", "ext": {"arch": "dorm", "stories": 2, "floor_h": 3.66, "facade": "dorm_brown", "ground": "dorm_brown", "roof": "perimeter_hip", "pitch": 28, "trim": "#ece6da", "canopy": "flat_small", "rtu": 0, "height": 7.32, "entrance": 270, "entrance_road": "Alumni Drive", "hip_inset": 4.5}, "ext_summary": "2 stories \u00b7 brick residence hall, paired room windows \u00b7 low hipped roof where the footprint is rectangular, otherwise flat w/ parapet \u00b7 entrance canopy \u00b7 entrance cue faces W toward Alumni Drive", "arch": "dorm"}}, {"type": "Feature", "geometry": {"type": "Polygon", "coordinates": [[[-89.974806, 34.622405], [-89.975192, 34.622403], [-89.975193, 34.622515], [-89.975333, 34.622514], [-89.975331, 34.622263], [-89.975194, 34.622263], [-89.975194, 34.622284], [-89.974811, 34.622286], [-89.97481, 34.622266], [-89.974668, 34.622267], [-89.97467, 34.622514], [-89.974807, 34.622514], [-89.974806, 34.622405]]]}, "properties": {"id": "6", "key": "6", "number": 6, "label": "6", "name": "Panola Hall", "parent_name": null, "parent_id": null, "category": "residence", "notes": "", "approx": true, "position_source": "Official map label, georeferenced, snapped to the centroid of the building footprint it marks", "lat": 34.622391, "lng": -89.975051, "height": 7.32, "height_ft": 24.0, "stories_approx": 2.0, "geom_source": "footprint", "footprint_id": "1218254490", "footprint_source": "osm", "ext": {"arch": "dorm", "stories": 2, "floor_h": 3.66, "facade": "dorm_brown", "ground": "dorm_brown", "roof": "perimeter_hip", "pitch": 28, "trim": "#ece6da", "canopy": "flat_small", "rtu": 0, "height": 7.32, "entrance": 181, "entrance_road": "Thompson Street", "hip_inset": 4.73}, "ext_summary": "2 stories \u00b7 brick residence hall, paired room windows \u00b7 low hipped roof where the footprint is rectangular, otherwise flat w/ parapet \u00b7 entrance canopy \u00b7 entrance cue faces S toward Thompson Street", "arch": "dorm"}}, {"type": "Feature", "geometry": {"type": "Polygon", "coordinates": [[[-89.973302, 34.624886], [-89.973297, 34.624751], [-89.972978, 34.624759], [-89.972978, 34.624734], [-89.972815, 34.624738], [-89.972816, 34.624766], [-89.972443, 34.624775], [-89.972447, 34.624906], [-89.973302, 34.624886]]]}, "properties": {"id": "7", "key": "7", "number": 7, "label": "7", "name": "Taylor Hall", "parent_name": null, "parent_id": null, "category": "residence", "notes": "", "approx": false, "position_source": "official map + OSM footprint, user-approved 2026-10-08", "lat": 34.624827, "lng": -89.972876, "height": 7.32, "height_ft": 24.0, "stories_approx": 2.0, "geom_source": "footprint", "footprint_id": "1130670566", "footprint_source": "osm", "ext": {"arch": "dorm", "stories": 2, "floor_h": 3.66, "facade": "dorm_red", "ground": "dorm_red", "roof": "hip_or_flat", "pitch": 20, "trim": "#ece6da", "canopy": "flat_small", "rtu": 0, "height": 7.32, "entrance": 175, "entrance_road": "service drive"}, "ext_summary": "2 stories \u00b7 brick residence hall, paired room windows \u00b7 low hipped roof where the footprint is rectangular, otherwise flat w/ parapet \u00b7 entrance canopy \u00b7 entrance cue faces S toward service drive", "arch": "dorm"}}, {"type": "Feature", "geometry": {"type": "Polygon", "coordinates": [[[-89.974563, 34.621411], [-89.974424, 34.621412], [-89.974431, 34.621966], [-89.974571, 34.621965], [-89.974563, 34.621411]]]}, "properties": {"id": "8a", "key": "8a", "number": 8, "label": "8A", "name": "Marshall Hall A", "parent_name": "Marshall Hall", "parent_id": "8", "category": "residence", "notes": "Buildings A, B, C, D", "approx": true, "position_source": "Official map label, georeferenced, snapped to the centroid of the building footprint it marks", "lat": 34.621672, "lng": -89.974455, "height": 6.1, "height_ft": 20.0, "stories_approx": 2.0, "geom_source": "footprint", "footprint_id": "ms-80", "footprint_source": "ms", "ext": {"arch": "dorm", "stories": 2, "floor_h": 3.05, "facade": "dorm_red", "ground": "dorm_red", "roof": "hip_or_flat", "pitch": 20, "trim": "#ece6da", "canopy": "flat_small", "rtu": 0, "height": 6.1, "entrance": 1, "entrance_road": "Thompson Street"}, "ext_summary": "2 stories \u00b7 brick residence hall, paired room windows \u00b7 low hipped roof where the footprint is rectangular, otherwise flat w/ parapet \u00b7 entrance canopy \u00b7 entrance cue faces N toward Thompson Street", "arch": "dorm"}}, {"type": "Feature", "geometry": {"type": "Polygon", "coordinates": [[[-89.974614, 34.621317], [-89.974613, 34.621429], [-89.975057, 34.621433], [-89.975058, 34.62132], [-89.974614, 34.621317]]]}, "properties": {"id": "8b", "key": "8b", "number": 8, "label": "8B", "name": "Marshall Hall B", "parent_name": "Marshall Hall", "parent_id": "8", "category": "residence", "notes": "Buildings A, B, C, D", "approx": true, "position_source": "Official map label, georeferenced, snapped to the centroid of the building footprint it marks", "lat": 34.621333, "lng": -89.974727, "height": 6.1, "height_ft": 20.0, "stories_approx": 2.0, "geom_source": "footprint", "footprint_id": "ms-14", "footprint_source": "ms", "ext": {"arch": "dorm", "stories": 2, "floor_h": 3.05, "facade": "dorm_tan", "ground": "dorm_tan", "roof": "hip_or_flat", "pitch": 20, "trim": "#ece6da", "canopy": "flat_small", "rtu": 0, "height": 6.1, "entrance": 1, "entrance_road": "Thompson Street"}, "ext_summary": "2 stories \u00b7 brick residence hall, paired room windows \u00b7 low hipped roof where the footprint is rectangular, otherwise flat w/ parapet \u00b7 entrance canopy \u00b7 entrance cue faces N toward Thompson Street", "arch": "dorm"}}, {"type": "Feature", "geometry": {"type": "Polygon", "coordinates": [[[-89.975549, 34.621433], [-89.97555, 34.621318], [-89.975103, 34.621317], [-89.975102, 34.621432], [-89.975549, 34.621433]]]}, "properties": {"id": "8c", "key": "8c", "number": 8, "label": "8C", "name": "Marshall Hall C", "parent_name": "Marshall Hall", "parent_id": "8", "category": "residence", "notes": "Buildings A, B, C, D", "approx": true, "position_source": "Official map label, georeferenced, snapped to the centroid of the building footprint it marks", "lat": 34.621414, "lng": -89.975427, "height": 6.1, "height_ft": 20.0, "stories_approx": 2.0, "geom_source": "footprint", "footprint_id": "ms-192", "footprint_source": "ms", "ext": {"arch": "dorm", "stories": 2, "floor_h": 3.05, "facade": "dorm_brown", "ground": "dorm_brown", "roof": "hip_or_flat", "pitch": 20, "trim": "#ece6da", "canopy": "flat_small", "rtu": 0, "height": 6.1, "entrance": 1, "entrance_road": "Thompson Street"}, "ext_summary": "2 stories \u00b7 brick residence hall, paired room windows \u00b7 low hipped roof where the footprint is rectangular, otherwise flat w/ parapet \u00b7 entrance canopy \u00b7 entrance cue faces N toward Thompson Street", "arch": "dorm"}}, {"type": "Feature", "geometry": {"type": "Polygon", "coordinates": [[[-89.975747, 34.621414], [-89.975609, 34.621415], [-89.975613, 34.621969], [-89.975751, 34.621968], [-89.975747, 34.621414]]]}, "properties": {"id": "8d", "key": "8d", "number": 8, "label": "8D", "name": "Marshall Hall D", "parent_name": "Marshall Hall", "parent_id": "8", "category": "residence", "notes": "Buildings A, B, C, D", "approx": true, "position_source": "Official map label, georeferenced (label sits on a footprint shared with other labels or a large footprint)", "lat": 34.621692, "lng": -89.97568, "height": 6.1, "height_ft": 20.0, "stories_approx": 2.0, "geom_source": "footprint", "footprint_id": "ms-18", "footprint_source": "ms", "ext": {"arch": "dorm", "stories": 2, "floor_h": 3.05, "facade": "dorm_red", "ground": "dorm_red", "roof": "hip_or_flat", "pitch": 20, "trim": "#ece6da", "canopy": "flat_small", "rtu": 0, "height": 6.1, "entrance": 1, "entrance_road": "Thompson Street"}, "ext_summary": "2 stories \u00b7 brick residence hall, paired room windows \u00b7 low hipped roof where the footprint is rectangular, otherwise flat w/ parapet \u00b7 entrance canopy \u00b7 entrance cue faces N toward Thompson Street", "arch": "dorm"}}, {"type": "Feature", "geometry": {"type": "Polygon", "coordinates": [[[-89.976387, 34.62195], [-89.976499, 34.621952], [-89.976509, 34.621376], [-89.976396, 34.621374], [-89.976387, 34.62195]]]}, "properties": {"id": "9a", "key": "9a", "number": 9, "label": "9A", "name": "Tallahatchie Hall A", "parent_name": "Tallahatchie Hall", "parent_id": "9", "category": "residence", "notes": "Buildings A, B, C", "approx": true, "position_source": "Official map label, georeferenced, snapped to the centroid of the building footprint it marks", "lat": 34.621656, "lng": -89.976429, "height": 6.1, "height_ft": 20.0, "stories_approx": 2.0, "geom_source": "footprint", "footprint_id": "ms-200", "footprint_source": "ms", "ext": {"arch": "dorm", "stories": 2, "floor_h": 3.05, "facade": "dorm_red", "ground": "dorm_red", "roof": "hip_or_flat", "pitch": 20, "trim": "#ece6da", "canopy": "flat_small", "rtu": 0, "height": 6.1, "entrance": 1, "entrance_road": "Thompson Street"}, "ext_summary": "2 stories \u00b7 brick residence hall, paired room windows \u00b7 low hipped roof where the footprint is rectangular, otherwise flat w/ parapet \u00b7 entrance canopy \u00b7 entrance cue faces N toward Thompson Street", "arch": "dorm"}}, {"type": "Feature", "geometry": {"type": "Polygon", "coordinates": [[[-89.976547, 34.621277], [-89.976546, 34.62137], [-89.977085, 34.621377], [-89.977086, 34.621284], [-89.976547, 34.621277]]]}, "properties": {"id": "9b", "key": "9b", "number": 9, "label": "9B", "name": "Tallahatchie Hall B", "parent_name": "Tallahatchie Hall", "parent_id": "9", "category": "residence", "notes": "Buildings A, B, C", "approx": true, "position_source": "Official map label, georeferenced, snapped to the centroid of the building footprint it marks", "lat": 34.621288, "lng": -89.976677, "height": 6.1, "height_ft": 20.0, "stories_approx": 2.0, "geom_source": "footprint", "footprint_id": "ms-240", "footprint_source": "ms", "ext": {"arch": "dorm", "stories": 2, "floor_h": 3.05, "facade": "dorm_brown", "ground": "dorm_brown", "roof": "hip_or_flat", "pitch": 20, "trim": "#ece6da", "canopy": "flat_small", "rtu": 0, "height": 6.1, "entrance": 339, "entrance_road": "service drive"}, "ext_summary": "2 stories \u00b7 brick residence hall, paired room windows \u00b7 low hipped roof where the footprint is rectangular, otherwise flat w/ parapet \u00b7 entrance canopy \u00b7 entrance cue faces N toward service drive", "arch": "dorm"}}, {"type": "Feature", "geometry": {"type": "Polygon", "coordinates": [[[-89.977228, 34.621379], [-89.977127, 34.621378], [-89.97712, 34.621692], [-89.977221, 34.621694], [-89.977228, 34.621379]]]}, "properties": {"id": "9c", "key": "9c", "number": 9, "label": "9C", "name": "Tallahatchie Hall C", "parent_name": "Tallahatchie Hall", "parent_id": "9", "category": "residence", "notes": "Buildings A, B, C", "approx": true, "position_source": "Official map label, georeferenced, snapped to the centroid of the building footprint it marks", "lat": 34.621536, "lng": -89.977174, "height": 6.1, "height_ft": 20.0, "stories_approx": 2.0, "geom_source": "footprint", "footprint_id": "ms-148", "footprint_source": "ms", "ext": {"arch": "dorm", "stories": 2, "floor_h": 3.05, "facade": "dorm_tan", "ground": "dorm_tan", "roof": "hip_or_flat", "pitch": 20, "trim": "#ece6da", "canopy": "flat_small", "rtu": 0, "height": 6.1, "entrance": 85, "entrance_road": "service drive"}, "ext_summary": "2 stories \u00b7 brick residence hall, paired room windows \u00b7 low hipped roof where the footprint is rectangular, otherwise flat w/ parapet \u00b7 entrance canopy \u00b7 entrance cue faces E toward service drive", "arch": "dorm"}}, {"type": "Feature", "geometry": {"type": "Polygon", "coordinates": [[[-89.973765, 34.623128], [-89.973758, 34.623313], [-89.973779, 34.623313], [-89.974308, 34.62331], [-89.974297, 34.622743], [-89.973764, 34.622747], [-89.973769, 34.622915], [-89.974182, 34.622917], [-89.974181, 34.622946], [-89.974093, 34.622948], [-89.974092, 34.622995], [-89.974092, 34.623064], [-89.974126, 34.623064], [-89.974125, 34.623096], [-89.974187, 34.623095], [-89.974185, 34.623125], [-89.973765, 34.623128]]]}, "properties": {"id": "10", "key": "10", "number": 10, "label": "10", "name": "Calhoun Hall", "parent_name": null, "parent_id": null, "category": "residence", "notes": "", "approx": false, "position_source": "official map + OSM footprint, user-approved 2026-10-08", "lat": 34.623216, "lng": -89.974211, "height": 7.32, "height_ft": 24.0, "stories_approx": 2.0, "geom_source": "footprint", "footprint_id": "1472863871", "footprint_source": "osm", "ext": {"arch": "dorm", "stories": 2, "floor_h": 3.66, "facade": "dorm_red", "ground": "dorm_red", "roof": "perimeter_hip", "pitch": 28, "trim": "#ece6da", "canopy": "flat_small", "rtu": 0, "height": 7.32, "entrance": 181, "entrance_road": "Thompson Street", "hip_inset": 5.4, "roof_ring": [[-89.974124, 34.623125], [-89.974126, 34.623064], [-89.974092, 34.623064], [-89.974094, 34.622917], [-89.973769, 34.622915], [-89.973764, 34.622747], [-89.974297, 34.622743], [-89.974308, 34.62331], [-89.973758, 34.623313], [-89.973765, 34.623128], [-89.974124, 34.623125]]}, "ext_summary": "2 stories \u00b7 brick residence hall, paired room windows \u00b7 low hipped roof where the footprint is rectangular, otherwise flat w/ parapet \u00b7 entrance canopy \u00b7 entrance cue faces S toward Thompson Street", "arch": "dorm"}}, {"type": "Feature", "geometry": {"type": "Polygon", "coordinates": [[[-89.978179, 34.624285], [-89.978181, 34.623771], [-89.977967, 34.62377], [-89.977965, 34.624284], [-89.978179, 34.624285]]]}, "properties": {"id": "11", "key": "11", "number": 11, "label": "11", "name": "Lamar Hall", "parent_name": null, "parent_id": null, "category": "residence", "notes": "", "approx": true, "position_source": "Official map label, georeferenced, snapped to the centroid of the building footprint it marks", "lat": 34.624008, "lng": -89.978023, "height": 7.32, "height_ft": 24.0, "stories_approx": 2.0, "geom_source": "footprint", "footprint_id": "1549095741", "footprint_source": "osm", "ext": {"arch": "dorm", "stories": 2, "floor_h": 3.66, "facade": "dorm_brown", "ground": "dorm_brown", "roof": "hip_or_flat", "pitch": 20, "trim": "#ece6da", "canopy": "flat_small", "rtu": 0, "height": 7.32, "entrance": 90, "entrance_road": "Holder Drive"}, "ext_summary": "2 stories \u00b7 brick residence hall, paired room windows \u00b7 low hipped roof where the footprint is rectangular, otherwise flat w/ parapet \u00b7 entrance canopy \u00b7 entrance cue faces E toward Holder Drive", "arch": "dorm"}}, {"type": "Feature", "geometry": {"type": "Polygon", "coordinates": [[[-89.969103, 34.626225], [-89.969006, 34.626226], [-89.969005, 34.62616], [-89.968922, 34.626161], [-89.968923, 34.626225], [-89.968793, 34.626227], [-89.968798, 34.626499], [-89.968931, 34.626497], [-89.968932, 34.626563], [-89.969018, 34.626562], [-89.969017, 34.6265], [-89.969108, 34.626498], [-89.969103, 34.626225]]]}, "properties": {"id": "20", "key": "20", "number": 20, "label": "20", "name": "Lafayette Humanities Building", "parent_name": null, "parent_id": null, "category": "instructional", "notes": "Placed on the footprint under the official map label, about 20 m north and 10 m west of the 34.626228, -89.968968 reference point.", "approx": true, "position_source": "Official map label, georeferenced, snapped to the centroid of the building footprint it marks", "lat": 34.62641, "lng": -89.969077, "height": 10.97, "height_ft": 36.0, "stories_approx": 3.0, "geom_source": "footprint", "footprint_id": "1130670561", "footprint_source": "osm", "ext": {"arch": "lafayette", "stories": 3, "floor_h": 3.66, "facade": "brick_white", "ground": "brick_white", "roof": "perimeter_hip", "trim": "#f3efe6", "entrance": 0, "entrance_road": "Northwest Drive", "entrance2": 180, "canopy": "flat", "rtu": 4, "landmark": true, "height": 10.97, "hip_inset": 3.38, "pitch": 28, "roof_mat": "metal", "roof_color": "#6a9c77"}, "ext_summary": "3 stories \u00b7 red-orange brick, white-trimmed punched window grid, concrete floor bands \u00b7 green standing-seam metal hip / cross-gable roof \u00b7 main entrance canopy N (Northwest Dr), secondary S \u00b7 entrance cue faces N toward Northwest Drive", "arch": "lafayette"}}, {"type": "Feature", "geometry": {"type": "Polygon", "coordinates": [[[-89.970329, 34.625019], [-89.970493, 34.625019], [-89.970493, 34.625012], [-89.970691, 34.625013], [-89.970692, 34.624721], [-89.97033, 34.62472], [-89.970329, 34.625019]]]}, "properties": {"id": "21", "key": "21", "number": 21, "label": "21", "name": "Tunica Building", "parent_name": null, "parent_id": null, "category": "instructional", "notes": "Temporary Library on the 2nd floor while R.C. Pugh Library (#53) is closed for renovations", "approx": true, "position_source": "Official map label, georeferenced, snapped to the centroid of the building footprint it marks", "lat": 34.62489, "lng": -89.970566, "height": 7.32, "height_ft": 24.0, "stories_approx": 2.0, "geom_source": "footprint", "footprint_id": "1130670569", "footprint_source": "osm", "ext": {"arch": "academic", "stories": 2, "floor_h": 3.66, "facade": "brick_tan_ribbon", "ground": "brick_tan_ribbon", "roof": "hip", "trim": "#ece6da", "canopy": "flat", "rtu": 2, "height": 7.32, "entrance": 150, "entrance_road": "West Porter Street", "pitch": 22}, "ext_summary": "2 stories \u00b7 brick classroom building with window grid/ribbon windows \u00b7 pitched roof + rooftop units \u00b7 entrance canopy \u00b7 entrance cue faces SE toward West Porter Street", "arch": "academic"}}, {"type": "Feature", "geometry": {"type": "Polygon", "coordinates": [[[-89.970387, 34.624172], [-89.970316, 34.624173], [-89.970316, 34.624139], [-89.969838, 34.624143], [-89.969838, 34.624151], [-89.969753, 34.624152], [-89.969754, 34.624329], [-89.969717, 34.624329], [-89.969716, 34.624274], [-89.969628, 34.624274], [-89.969627, 34.62423], [-89.969517, 34.624231], [-89.969516, 34.624136], [-89.969157, 34.624138], [-89.969158, 34.624229], [-89.969016, 34.62423], [-89.969016, 34.624274], [-89.968938, 34.624274], [-89.968941, 34.624504], [-89.969075, 34.624503], [-89.969074, 34.624446], [-89.969235, 34.624493], [-89.969716, 34.62449], [-89.969715, 34.624388], [-89.969841, 34.624388], [-89.969841, 34.624456], [-89.969962, 34.624455], [-89.969966, 34.624446], [-89.970311, 34.624444], [-89.97031, 34.62434], [-89.970388, 34.62434], [-89.970387, 34.624172]]]}, "properties": {"id": "22a", "key": "22a", "number": 22, "label": "22A", "name": "Academic Nursing Building", "parent_name": "Gary Lee Spears Center for Nursing and Health Sciences", "parent_id": "22", "category": "instructional", "notes": "", "approx": true, "position_source": "Official map label, georeferenced (label sits on a footprint shared with other labels or a large footprint)", "lat": 34.624352, "lng": -89.969487, "height": 7.32, "height_ft": 24.0, "stories_approx": 2.0, "geom_source": "footprint", "footprint_id": "ms-12", "footprint_source": "ms", "ext": {"arch": "academic", "stories": 2, "floor_h": 3.66, "facade": "brick_tan_ribbon", "ground": "brick_tan_ribbon", "roof": "perimeter_hip", "trim": "#ece6da", "canopy": "flat", "rtu": 2, "height": 7.32, "entrance": 271, "entrance_road": "West Street", "shares": ["22b"], "hip_inset": 5.4, "roof_ring": [[-89.970387, 34.624172], [-89.970388, 34.62434], [-89.97031, 34.62434], [-89.970311, 34.624444], [-89.969966, 34.624446], [-89.969962, 34.624455], [-89.969841, 34.624456], [-89.969841, 34.624388], [-89.969715, 34.624388], [-89.969716, 34.62449], [-89.969235, 34.624493], [-89.969074, 34.624446], [-89.969075, 34.624503], [-89.968941, 34.624504], [-89.968938, 34.624274], [-89.969016, 34.624274], [-89.969016, 34.62423], [-89.969158, 34.624229], [-89.969157, 34.624138], [-89.969516, 34.624136], [-89.969517, 34.624231], [-89.969627, 34.62423], [-89.969628, 34.624274], [-89.969754, 34.624274], [-89.969753, 34.624152], [-89.969838, 34.624151], [-89.969838, 34.624143], [-89.970316, 34.624139], [-89.970316, 34.624173], [-89.970387, 34.624172]], "pitch": 28}, "ext_summary": "2 stories \u00b7 brick classroom building with window grid/ribbon windows \u00b7 pitched roof + rooftop units \u00b7 entrance canopy \u00b7 entrance cue faces W toward West Street", "arch": "academic"}}, {"type": "Feature", "geometry": {"type": "Polygon", "coordinates": [[[-89.970387, 34.624172], [-89.970316, 34.624173], [-89.970316, 34.624139], [-89.969838, 34.624143], [-89.969838, 34.624151], [-89.969753, 34.624152], [-89.969754, 34.624329], [-89.969717, 34.624329], [-89.969716, 34.624274], [-89.969628, 34.624274], [-89.969627, 34.62423], [-89.969517, 34.624231], [-89.969516, 34.624136], [-89.969157, 34.624138], [-89.969158, 34.624229], [-89.969016, 34.62423], [-89.969016, 34.624274], [-89.968938, 34.624274], [-89.968941, 34.624504], [-89.969075, 34.624503], [-89.969074, 34.624446], [-89.969235, 34.624493], [-89.969716, 34.62449], [-89.969715, 34.624388], [-89.969841, 34.624388], [-89.969841, 34.624456], [-89.969962, 34.624455], [-89.969966, 34.624446], [-89.970311, 34.624444], [-89.97031, 34.62434], [-89.970388, 34.62434], [-89.970387, 34.624172]]]}, "properties": {"id": "22b", "key": "22b", "number": 22, "label": "22B", "name": "Health Sciences Building", "parent_name": "Gary Lee Spears Center for Nursing and Health Sciences", "parent_id": "22", "category": "instructional", "notes": "", "approx": true, "position_source": "Official map label, georeferenced (label sits on a footprint shared with other labels or a large footprint)", "lat": 34.624227, "lng": -89.970133, "height": 7.32, "height_ft": 24.0, "stories_approx": 2.0, "geom_source": "footprint", "footprint_id": "ms-12", "footprint_source": "ms", "ext": {"arch": "shared", "owner": "22a"}, "ext_summary": "Inside the shared footprint modeled with #22A", "arch": "shared"}}, {"type": "Feature", "geometry": {"type": "Polygon", "coordinates": [[[-89.971339, 34.624878], [-89.971268, 34.624711], [-89.971108, 34.624757], [-89.971098, 34.624734], [-89.971017, 34.624757], [-89.971027, 34.624782], [-89.970877, 34.624826], [-89.970948, 34.624991], [-89.971339, 34.624878]]]}, "properties": {"id": "23", "key": "23", "number": 23, "label": "23", "name": "Art Building", "parent_name": null, "parent_id": null, "category": "instructional", "notes": "", "approx": true, "position_source": "Official map label, georeferenced, snapped to the centroid of the building footprint it marks", "lat": 34.624871, "lng": -89.971165, "height": 7.32, "height_ft": 24.0, "stories_approx": 2.0, "geom_source": "footprint", "footprint_id": "1130670568", "footprint_source": "osm", "ext": {"arch": "academic", "stories": 2, "floor_h": 3.66, "facade": "brick_white", "ground": "brick_white", "roof": "perimeter_hip", "trim": "#ece6da", "canopy": "flat", "rtu": 2, "height": 7.32, "entrance": 317, "entrance_road": "service drive", "hip_inset": 3.38, "pitch": 28}, "ext_summary": "2 stories \u00b7 brick classroom building with window grid/ribbon windows \u00b7 pitched roof + rooftop units \u00b7 entrance canopy \u00b7 entrance cue faces NW toward service drive", "arch": "academic"}}, {"type": "Feature", "geometry": {"type": "Polygon", "coordinates": [[[-89.9715, 34.624485], [-89.971431, 34.624486], [-89.97143, 34.624454], [-89.971205, 34.624458], [-89.971205, 34.624493], [-89.971108, 34.624495], [-89.971112, 34.62465], [-89.971212, 34.624649], [-89.971213, 34.62469], [-89.971646, 34.624683], [-89.971644, 34.624577], [-89.971765, 34.624575], [-89.971763, 34.624478], [-89.971617, 34.624481], [-89.971615, 34.624409], [-89.971774, 34.624407], [-89.971767, 34.624138], [-89.971621, 34.624141], [-89.971619, 34.624071], [-89.971425, 34.624075], [-89.971427, 34.624169], [-89.971382, 34.62417], [-89.971381, 34.624131], [-89.971247, 34.624134], [-89.971247, 34.624162], [-89.971065, 34.624165], [-89.971069, 34.624344], [-89.971383, 34.624339], [-89.97138, 34.624201], [-89.971429, 34.6242], [-89.971434, 34.624411], [-89.971498, 34.62441], [-89.9715, 34.624485]]]}, "properties": {"id": "24a", "key": "24a", "number": 24, "label": "24A", "name": "Auditorium", "parent_name": "Theater Arts Complex", "parent_id": "24", "category": "instructional", "notes": "", "approx": true, "position_source": "Official map label, georeferenced (label sits on a footprint shared with other labels or a large footprint)", "lat": 34.624578, "lng": -89.971401, "height": 7.32, "height_ft": 24.0, "stories_approx": 2.0, "geom_source": "footprint", "footprint_id": "ms-116", "footprint_source": "ms", "ext": {"arch": "academic", "stories": 2, "floor_h": 3.66, "facade": "brick_white", "ground": "brick_white", "roof": "perimeter_hip", "trim": "#ece6da", "canopy": "flat", "rtu": 2, "height": 7.32, "entrance": 267, "entrance_road": "Ranger Drive", "shares": ["24b"], "hip_inset": 4.73, "roof_ring": [[-89.9715, 34.624485], [-89.971498, 34.62441], [-89.971434, 34.624411], [-89.971432, 34.624338], [-89.971069, 34.624344], [-89.971065, 34.624165], [-89.971247, 34.624162], [-89.971247, 34.624134], [-89.971426, 34.62413], [-89.971425, 34.624075], [-89.971619, 34.624071], [-89.971621, 34.624141], [-89.971767, 34.624138], [-89.971774, 34.624407], [-89.971615, 34.624409], [-89.971617, 34.624481], [-89.971763, 34.624478], [-89.971765, 34.624575], [-89.971644, 34.624577], [-89.971646, 34.624683], [-89.971213, 34.62469], [-89.971212, 34.624649], [-89.971112, 34.62465], [-89.971108, 34.624495], [-89.971205, 34.624493], [-89.971205, 34.624458], [-89.97143, 34.624454], [-89.971431, 34.624486], [-89.9715, 34.624485]], "pitch": 28}, "ext_summary": "2 stories \u00b7 brick classroom building with window grid/ribbon windows \u00b7 pitched roof + rooftop units \u00b7 entrance canopy \u00b7 entrance cue faces W toward Ranger Drive", "arch": "academic"}}, {"type": "Feature", "geometry": {"type": "Polygon", "coordinates": [[[-89.9715, 34.624485], [-89.971431, 34.624486], [-89.97143, 34.624454], [-89.971205, 34.624458], [-89.971205, 34.624493], [-89.971108, 34.624495], [-89.971112, 34.62465], [-89.971212, 34.624649], [-89.971213, 34.62469], [-89.971646, 34.624683], [-89.971644, 34.624577], [-89.971765, 34.624575], [-89.971763, 34.624478], [-89.971617, 34.624481], [-89.971615, 34.624409], [-89.971774, 34.624407], [-89.971767, 34.624138], [-89.971621, 34.624141], [-89.971619, 34.624071], [-89.971425, 34.624075], [-89.971427, 34.624169], [-89.971382, 34.62417], [-89.971381, 34.624131], [-89.971247, 34.624134], [-89.971247, 34.624162], [-89.971065, 34.624165], [-89.971069, 34.624344], [-89.971383, 34.624339], [-89.97138, 34.624201], [-89.971429, 34.6242], [-89.971434, 34.624411], [-89.971498, 34.62441], [-89.9715, 34.624485]]]}, "properties": {"id": "24b", "key": "24b", "number": 24, "label": "24B", "name": "Instructional Wing", "parent_name": "Theater Arts Complex", "parent_id": "24", "category": "instructional", "notes": "", "approx": true, "position_source": "Official map label, georeferenced (label sits on a footprint shared with other labels or a large footprint)", "lat": 34.624222, "lng": -89.971355, "height": 7.32, "height_ft": 24.0, "stories_approx": 2.0, "geom_source": "footprint", "footprint_id": "ms-116", "footprint_source": "ms", "ext": {"arch": "shared", "owner": "24a"}, "ext_summary": "Inside the shared footprint modeled with #24A", "arch": "shared"}}, {"type": "Feature", "geometry": {"type": "Polygon", "coordinates": [[[-89.971856, 34.626529], [-89.971849, 34.626255], [-89.971644, 34.626258], [-89.971644, 34.626283], [-89.97158, 34.626284], [-89.971585, 34.62651], [-89.971637, 34.626509], [-89.971637, 34.626533], [-89.971856, 34.626529]]]}, "properties": {"id": "25a", "key": "25a", "number": 25, "label": "25A", "name": "Physical Science Building", "parent_name": "Physical Science Complex", "parent_id": "25", "category": "instructional", "notes": "", "approx": true, "position_source": "Official map label, georeferenced, snapped to the centroid of the building footprint it marks", "lat": 34.626436, "lng": -89.971829, "height": 7.32, "height_ft": 24.0, "stories_approx": 2.0, "geom_source": "footprint", "footprint_id": "1549095753", "footprint_source": "osm", "ext": {"arch": "academic", "stories": 2, "floor_h": 3.66, "facade": "brick_red_ribbon", "ground": "brick_red_ribbon", "roof": "flat_parapet", "parapet": 0.8, "trim": "#ece6da", "canopy": "flat", "rtu": 2, "height": 7.32, "entrance": 269, "entrance_road": "Ranger Drive", "roof_color": "#5aa6a2"}, "ext_summary": "2 stories \u00b7 brick classroom building with window grid/ribbon windows \u00b7 flat roof with parapet + rooftop units \u00b7 entrance canopy \u00b7 entrance cue faces W toward Ranger Drive", "arch": "academic"}}, {"type": "Feature", "geometry": {"type": "Polygon", "coordinates": [[[-89.97154, 34.626281], [-89.971269, 34.62662], [-89.971022, 34.626487], [-89.971293, 34.626148], [-89.97154, 34.626281]]]}, "properties": {"id": "25b", "key": "25b", "number": 25, "label": "25B", "name": "Math & Science Building", "parent_name": "Physical Science Complex", "parent_id": "25", "category": "instructional", "notes": "", "approx": true, "position_source": "Official map label, georeferenced, snapped to the centroid of the building footprint it marks", "lat": 34.626379, "lng": -89.971267, "height": 7.32, "height_ft": 24.0, "stories_approx": 2.0, "geom_source": "footprint", "footprint_id": "1549095754", "footprint_source": "osm", "ext": {"arch": "academic", "stories": 2, "floor_h": 3.66, "facade": "brick_white", "ground": "brick_white", "roof": "flat_parapet", "parapet": 0.8, "trim": "#ece6da", "canopy": "flat", "rtu": 2, "height": 7.32, "entrance": 359, "entrance_road": "Northwest Drive"}, "ext_summary": "2 stories \u00b7 brick classroom building with window grid/ribbon windows \u00b7 flat roof with parapet + rooftop units \u00b7 entrance canopy \u00b7 entrance cue faces N toward Northwest Drive", "arch": "academic"}}, {"type": "Feature", "geometry": {"type": "Polygon", "coordinates": [[[-89.972536, 34.626894], [-89.972557, 34.627336], [-89.972776, 34.627329], [-89.972773, 34.627277], [-89.972804, 34.627275], [-89.972801, 34.62721], [-89.972766, 34.627212], [-89.972756, 34.627], [-89.972784, 34.626999], [-89.972781, 34.626934], [-89.972751, 34.626935], [-89.972749, 34.626887], [-89.972536, 34.626894]]]}, "properties": {"id": "26", "key": "26", "number": 26, "label": "26", "name": "Education Building", "parent_name": null, "parent_id": null, "category": "instructional", "notes": "", "approx": true, "position_source": "Official map label, georeferenced, snapped to the centroid of the building footprint it marks", "lat": 34.627089, "lng": -89.972598, "height": 7.32, "height_ft": 24.0, "stories_approx": 2.0, "geom_source": "footprint", "footprint_id": "1130670555", "footprint_source": "osm", "ext": {"arch": "academic", "stories": 2, "floor_h": 3.66, "facade": "brick_white", "ground": "brick_white", "roof": "perimeter_hip", "trim": "#ece6da", "canopy": "flat", "rtu": 2, "height": 7.32, "entrance": 169, "entrance_road": "Northwest Drive", "hip_inset": 3.15, "pitch": 14, "roof_mat": "metal", "roof_color": "#c9ccce"}, "ext_summary": "2 stories \u00b7 brick classroom building with window grid/ribbon windows \u00b7 pitched roof + rooftop units \u00b7 entrance canopy \u00b7 entrance cue faces S toward Northwest Drive", "arch": "academic"}}, {"type": "Feature", "geometry": {"type": "Polygon", "coordinates": [[[-89.970589, 34.625488], [-89.970388, 34.625353], [-89.970413, 34.625329], [-89.97037, 34.625299], [-89.970239, 34.62543], [-89.970259, 34.625443], [-89.970177, 34.625525], [-89.970267, 34.625585], [-89.970242, 34.62561], [-89.970377, 34.625701], [-89.970589, 34.625488]]]}, "properties": {"id": "27", "key": "27", "number": 27, "label": "27", "name": "McGhee Building", "parent_name": null, "parent_id": null, "category": "instructional", "notes": "", "approx": true, "position_source": "Official map label, georeferenced, snapped to the centroid of the building footprint it marks", "lat": 34.625558, "lng": -89.970509, "height": 7.32, "height_ft": 24.0, "stories_approx": 2.0, "geom_source": "footprint", "footprint_id": "1130670563", "footprint_source": "osm", "ext": {"arch": "academic", "stories": 2, "floor_h": 3.66, "facade": "brick_red_ribbon", "ground": "brick_red_ribbon", "roof": "perimeter_hip", "trim": "#ece6da", "canopy": "flat", "rtu": 2, "height": 7.32, "entrance": 46, "entrance_road": "Circle Drive", "hip_inset": 5.4, "roof_ring": [[-89.970589, 34.625488], [-89.970377, 34.625701], [-89.970242, 34.62561], [-89.970267, 34.625585], [-89.970177, 34.625525], [-89.970259, 34.625443], [-89.970239, 34.62543], [-89.970345, 34.625324], [-89.970589, 34.625488]], "pitch": 28}, "ext_summary": "2 stories \u00b7 brick classroom building with window grid/ribbon windows \u00b7 pitched roof + rooftop units \u00b7 entrance canopy \u00b7 entrance cue faces NE toward Circle Drive", "arch": "academic"}}, {"type": "Feature", "geometry": {"type": "Polygon", "coordinates": [[[-89.971059, 34.623737], [-89.971039, 34.62337], [-89.970848, 34.623377], [-89.970852, 34.623465], [-89.97077, 34.623468], [-89.970765, 34.623377], [-89.970545, 34.623385], [-89.970566, 34.623792], [-89.970769, 34.623785], [-89.970766, 34.62372], [-89.970865, 34.623716], [-89.970866, 34.623744], [-89.971059, 34.623737]]]}, "properties": {"id": "28", "key": "28", "number": 28, "label": "28", "name": "Berry Building", "parent_name": null, "parent_id": null, "category": "instructional", "notes": "", "approx": true, "position_source": "Official map label, georeferenced, snapped to the centroid of the building footprint it marks", "lat": 34.623557, "lng": -89.970753, "height": 7.32, "height_ft": 24.0, "stories_approx": 2.0, "geom_source": "footprint", "footprint_id": "1548007437", "footprint_source": "osm", "ext": {"arch": "academic", "stories": 2, "floor_h": 3.66, "facade": "brick_tan_ribbon", "ground": "brick_tan_ribbon", "roof": "flat_parapet", "parapet": 0.8, "trim": "#ece6da", "canopy": "flat", "rtu": 2, "height": 7.32, "entrance": 90, "entrance_road": "West Street"}, "ext_summary": "2 stories \u00b7 brick classroom building with window grid/ribbon windows \u00b7 flat roof with parapet + rooftop units \u00b7 entrance canopy \u00b7 entrance cue faces E toward West Street", "arch": "academic"}}, {"type": "Feature", "geometry": {"type": "Polygon", "coordinates": [[[-89.971684, 34.623726], [-89.971678, 34.623526], [-89.9711, 34.623538], [-89.971106, 34.623737], [-89.971684, 34.623726]]]}, "properties": {"id": "29a", "key": "29a", "number": 29, "label": "29A", "name": "Technical Education #1", "parent_name": "Thomas D. Coats Career Technical Complex", "parent_id": "29", "category": "instructional", "notes": "", "approx": true, "position_source": "Official map label, georeferenced, snapped to the centroid of the building footprint it marks", "lat": 34.623628, "lng": -89.971382, "height": 7.32, "height_ft": 24.0, "stories_approx": 2.0, "geom_source": "footprint", "footprint_id": "1548007436", "footprint_source": "osm", "ext": {"arch": "shop", "stories": 1, "floor_h": 7.32, "facade": "metal_band", "ground": "metal_band", "roof": "gable_or_flat", "pitch": 10, "trim": "#cfd3d6", "canopy": "flat_small", "doors": 2, "rtu": 0, "height": 7.32, "entrance": 270, "entrance_road": "Ranger Drive"}, "ext_summary": "Shop/lab building \u00b7 brick base, metal-panel upper wall with clerestory windows \u00b7 low-slope metal roof \u00b7 roll-up bay doors \u00b7 entrance cue faces W toward Ranger Drive", "arch": "shop"}}, {"type": "Feature", "geometry": {"type": "Polygon", "coordinates": [[[-89.971702, 34.62333], [-89.971698, 34.623189], [-89.971085, 34.623202], [-89.97109, 34.623367], [-89.971134, 34.623366], [-89.971137, 34.623455], [-89.971658, 34.623445], [-89.971654, 34.623331], [-89.971702, 34.62333]]]}, "properties": {"id": "29b", "key": "29b", "number": 29, "label": "29B", "name": "Technical Education #2", "parent_name": "Thomas D. Coats Career Technical Complex", "parent_id": "29", "category": "instructional", "notes": "", "approx": true, "position_source": "Official map label, georeferenced, snapped to the centroid of the building footprint it marks", "lat": 34.62333, "lng": -89.971422, "height": 7.32, "height_ft": 24.0, "stories_approx": 2.0, "geom_source": "footprint", "footprint_id": "1548007435", "footprint_source": "osm", "ext": {"arch": "shop", "stories": 1, "floor_h": 7.32, "facade": "metal_band", "ground": "metal_band", "roof": "gable_or_flat", "pitch": 10, "trim": "#cfd3d6", "canopy": "flat_small", "doors": 2, "rtu": 0, "height": 7.32, "entrance": 270, "entrance_road": "Ranger Drive"}, "ext_summary": "Shop/lab building \u00b7 brick base, metal-panel upper wall with clerestory windows \u00b7 low-slope metal roof \u00b7 roll-up bay doors \u00b7 entrance cue faces W toward Ranger Drive", "arch": "shop"}}, {"type": "Feature", "geometry": {"type": "Polygon", "coordinates": [[[-89.971752, 34.623007], [-89.971749, 34.622859], [-89.971766, 34.622859], [-89.97176, 34.622586], [-89.971042, 34.622596], [-89.97105, 34.623016], [-89.971752, 34.623007]]]}, "properties": {"id": "29c", "key": "29c", "number": 29, "label": "29C", "name": "Technical Education #3", "parent_name": "Thomas D. Coats Career Technical Complex", "parent_id": "29", "category": "instructional", "notes": "", "approx": true, "position_source": "Official map label, georeferenced, snapped to the centroid of the building footprint it marks", "lat": 34.622806, "lng": -89.971418, "height": 7.32, "height_ft": 24.0, "stories_approx": 2.0, "geom_source": "footprint", "footprint_id": "1131033568", "footprint_source": "osm", "ext": {"arch": "shop", "stories": 1, "floor_h": 7.32, "facade": "metal_band", "ground": "metal_band", "roof": "gable_or_flat", "pitch": 10, "trim": "#cfd3d6", "canopy": "flat_small", "doors": 2, "rtu": 0, "height": 7.32, "entrance": 270, "entrance_road": "Ranger Drive"}, "ext_summary": "Shop/lab building \u00b7 brick base, metal-panel upper wall with clerestory windows \u00b7 low-slope metal roof \u00b7 roll-up bay doors \u00b7 entrance cue faces W toward Ranger Drive", "arch": "shop"}}, {"type": "Feature", "geometry": {"type": "Polygon", "coordinates": [[[-89.97656, 34.622975], [-89.976563, 34.622651], [-89.976507, 34.622651], [-89.976508, 34.622549], [-89.975789, 34.622544], [-89.975788, 34.622649], [-89.975684, 34.622648], [-89.975681, 34.623026], [-89.975994, 34.623028], [-89.975994, 34.622972], [-89.97656, 34.622975]]]}, "properties": {"id": "30", "key": "30", "number": 30, "label": "30", "name": "Mechanical Technology Building", "parent_name": null, "parent_id": null, "category": "instructional", "notes": "", "approx": true, "position_source": "Official map label, georeferenced, snapped to the centroid of the building footprint it marks", "lat": 34.622783, "lng": -89.976129, "height": 7.32, "height_ft": 24.0, "stories_approx": 2.0, "geom_source": "footprint", "footprint_id": "1218254491", "footprint_source": "osm", "ext": {"arch": "shop", "stories": 1, "floor_h": 7.32, "facade": "metal_band", "ground": "metal_band", "roof": "gable_or_flat", "pitch": 10, "trim": "#cfd3d6", "canopy": "flat_small", "doors": 2, "rtu": 0, "height": 7.32, "entrance": 214, "entrance_road": "service drive"}, "ext_summary": "Shop/lab building \u00b7 brick base, metal-panel upper wall with clerestory windows \u00b7 low-slope metal roof \u00b7 roll-up bay doors \u00b7 entrance cue faces SW toward service drive", "arch": "shop"}}, {"type": "Feature", "geometry": {"type": "Polygon", "coordinates": [[[-89.969945, 34.622648], [-89.970096, 34.622769], [-89.970211, 34.622672], [-89.970189, 34.622655], [-89.970326, 34.622539], [-89.970243, 34.622472], [-89.97031, 34.622416], [-89.970221, 34.622344], [-89.970159, 34.622397], [-89.970071, 34.622327], [-89.969937, 34.622441], [-89.969898, 34.622411], [-89.969823, 34.622475], [-89.969918, 34.622551], [-89.969971, 34.622505], [-89.970045, 34.622564], [-89.969945, 34.622648]]]}, "properties": {"id": "31", "key": "31", "number": 31, "label": "31", "name": "Marilyn R. Spears Building", "parent_name": null, "parent_id": null, "category": "instructional", "notes": "", "approx": true, "position_source": "Official map label, georeferenced, snapped to the centroid of the building footprint it marks", "lat": 34.622507, "lng": -89.970046, "height": 7.32, "height_ft": 24.0, "stories_approx": 2.0, "geom_source": "footprint", "footprint_id": "1131033567", "footprint_source": "osm", "ext": {"arch": "academic", "stories": 2, "floor_h": 3.66, "facade": "brick_red_ribbon", "ground": "brick_red_ribbon", "roof": "perimeter_hip", "trim": "#ece6da", "canopy": "flat", "rtu": 2, "height": 7.32, "entrance": 270, "entrance_road": "West Street", "hip_inset": 3.15, "pitch": 28}, "ext_summary": "2 stories \u00b7 brick classroom building with window grid/ribbon windows \u00b7 pitched roof + rooftop units \u00b7 entrance canopy \u00b7 entrance cue faces W toward West Street", "arch": "academic"}}, {"type": "Feature", "geometry": {"type": "Polygon", "coordinates": [[[-89.977163, 34.622562], [-89.976909, 34.62256], [-89.976906, 34.622825], [-89.976871, 34.622825], [-89.976869, 34.623059], [-89.977249, 34.623061], [-89.977249, 34.623095], [-89.977422, 34.623096], [-89.977425, 34.622828], [-89.977161, 34.622826], [-89.977163, 34.622562]]]}, "properties": {"id": "32", "key": "32", "number": 32, "label": "32", "name": "Agricultural Technology Building", "parent_name": null, "parent_id": null, "category": "instructional", "notes": "", "approx": true, "position_source": "Official map label, georeferenced, snapped to the centroid of the building footprint it marks", "lat": 34.622861, "lng": -89.977106, "height": 7.32, "height_ft": 24.0, "stories_approx": 2.0, "geom_source": "footprint", "footprint_id": "1218254492", "footprint_source": "osm", "ext": {"arch": "shop", "stories": 1, "floor_h": 7.32, "facade": "metal_band", "ground": "metal_band", "roof": "perimeter_hip", "pitch": 10, "trim": "#cfd3d6", "canopy": "flat_small", "doors": 2, "rtu": 0, "height": 7.32, "entrance": 270, "entrance_road": "Holder Drive", "hip_inset": 5.4, "roof_mat": "metal", "roof_color": "#b47868"}, "ext_summary": "Shop/lab building \u00b7 brick base, metal-panel upper wall with clerestory windows \u00b7 low-slope metal roof \u00b7 roll-up bay doors \u00b7 entrance cue faces W toward Holder Drive", "arch": "shop"}}, {"type": "Feature", "geometry": {"type": "Polygon", "coordinates": [[[-89.974642, 34.626112], [-89.974833, 34.626113], [-89.974832, 34.626161], [-89.975251, 34.626163], [-89.975251, 34.626116], [-89.975496, 34.626117], [-89.975497, 34.626078], [-89.97552, 34.626078], [-89.97552, 34.626034], [-89.975498, 34.626034], [-89.975499, 34.625899], [-89.9755, 34.625828], [-89.975398, 34.625827], [-89.975399, 34.62563], [-89.975136, 34.625629], [-89.975137, 34.62556], [-89.975085, 34.62556], [-89.974974, 34.62556], [-89.97495, 34.625559], [-89.97495, 34.625628], [-89.974707, 34.625627], [-89.974706, 34.625821], [-89.974644, 34.625821], [-89.974644, 34.625883], [-89.974643, 34.626032], [-89.974642, 34.626112]]]}, "properties": {"id": "40", "key": "40", "number": 40, "label": "40", "name": "Howard Coliseum", "parent_name": null, "parent_id": null, "category": "athletic", "notes": "", "approx": false, "position_source": "OSM named feature \"Howard Coliseum\" (way/1130670570)", "lat": 34.625892, "lng": -89.975075, "height": 16.76, "height_ft": 55.0, "stories_approx": 4.6, "geom_source": "footprint", "footprint_id": "1130670570", "footprint_source": "osm", "ext": {"arch": "coliseum", "stories": 1, "floor_h": 10.4, "facade": "precast_ribs", "ground": "precast_ribs", "roof": "dome", "dome_rise": 4.0, "trim": "#d9d4c7", "canopy": "flat", "entrance2": 177, "rtu": 0, "entrance": 357, "entrance_road": "Northwest Drive", "landmark": true, "height": 10.4}, "ext_summary": "Arena \u00b7 ~34 ft precast/ribbed wall with clerestory band \u00b7 shallow metal dome (\u224855 ft total) \u00b7 entrance canopies on two sides \u00b7 entrance cue faces N toward Northwest Drive", "arch": "coliseum"}}, {"type": "Feature", "geometry": {"type": "Polygon", "coordinates": [[[-89.9771968, 34.6247611], [-89.9770676, 34.623758], [-89.9765187, 34.6238059], [-89.9766482, 34.624809], [-89.9771968, 34.6247611]]]}, "properties": {"id": "41", "key": "41", "number": 41, "label": "41", "name": "Bobby Franklin Field", "parent_name": null, "parent_id": null, "category": "athletic", "notes": "Football stadium", "approx": false, "position_source": "OSM named feature \"Bobby Franklin Stadium\" (way/1218254496)", "lat": 34.624285, "lng": -89.976862, "height": 0.46, "height_ft": 1.5, "stories_approx": 0.1, "geom_source": "osm_pitch", "footprint_id": "pitch-1218254496", "footprint_source": "osm", "ext": {"arch": "field", "height": 0.25, "pitches": [{"ring": [[-89.9771968, 34.6247611], [-89.9770676, 34.623758], [-89.9765187, 34.6238059], [-89.9766482, 34.624809], [-89.9771968, 34.6247611]], "sport": "american_football"}]}, "ext_summary": "Playing field: flat turf with painted lines on the OSM pitch outline (no structure)", "arch": "field"}}, {"type": "Feature", "geometry": {"type": "Polygon", "coordinates": [[[-89.9747608, 34.6240607], [-89.9746932, 34.6240811], [-89.9746381, 34.6241127], [-89.9745959, 34.624181], [-89.9745982, 34.6242629], [-89.9746142, 34.6247962], [-89.9747055, 34.6248335], [-89.9747366, 34.625094], [-89.9754363, 34.6250735], [-89.9756147, 34.6250463], [-89.9757549, 34.6249733], [-89.9758139, 34.6249079], [-89.9758525, 34.6248027], [-89.9758574, 34.624662], [-89.9758415, 34.6241511], [-89.9755871, 34.6241507], [-89.9754867, 34.6240439], [-89.9747608, 34.6240607]]]}, "properties": {"id": "42", "key": "42", "number": 42, "label": "42", "name": "Jim Miles Field", "parent_name": null, "parent_id": null, "category": "athletic", "notes": "Baseball", "approx": false, "position_source": "OSM named feature \"Jim Miles Field\" (way/479548897)", "lat": 34.624561, "lng": -89.97522, "height": 0.46, "height_ft": 1.5, "stories_approx": 0.1, "geom_source": "osm_pitch", "footprint_id": "pitch-479548897", "footprint_source": "osm", "ext": {"arch": "field", "height": 0.25, "pitches": [{"ring": [[-89.9747608, 34.6240607], [-89.9746932, 34.6240811], [-89.9746381, 34.6241127], [-89.9745959, 34.624181], [-89.9745982, 34.6242629], [-89.9746142, 34.6247962], [-89.9747055, 34.6248335], [-89.9747366, 34.625094], [-89.9754363, 34.6250735], [-89.9756147, 34.6250463], [-89.9757549, 34.6249733], [-89.9758139, 34.6249079], [-89.9758525, 34.6248027], [-89.9758574, 34.624662], [-89.9758415, 34.6241511], [-89.9755871, 34.6241507], [-89.9754867, 34.6240439], [-89.9747608, 34.6240607]], "sport": "baseball"}]}, "ext_summary": "Playing field: flat turf with painted lines on the OSM pitch outline (no structure)", "arch": "field"}}, {"type": "Feature", "geometry": {"type": "Polygon", "coordinates": [[[-89.973777, 34.624231], [-89.973779, 34.62406], [-89.97433, 34.624063], [-89.974329, 34.624234], [-89.973777, 34.624231]]]}, "properties": {"id": "43", "key": "43", "number": 43, "label": "43", "name": "Donny Castle Baseball Complex", "parent_name": null, "parent_id": null, "category": "athletic", "notes": "", "approx": true, "position_source": "Official map label, georeferenced (label sits on a footprint shared with other labels or a large footprint)", "lat": 34.624147, "lng": -89.974054, "height": 5.5, "height_ft": 18.0, "stories_approx": 1.0, "geom_source": "footprint", "footprint_id": "osm-parking-1549095748", "footprint_source": "imagery-checked outline (OSM way 1549095748 was mis-tagged parking)", "ext": {"arch": "athletic_hall", "stories": 1, "floor_h": 5.5, "facade": "brick_red_ribbon", "ground": "brick_red_ribbon", "roof": "hip", "pitch": 20, "trim": "#d8dadc", "canopy": "flat_small", "rtu": 1, "height": 5.5, "entrance": 90, "entrance_road": "Alumni Drive", "roof_mat": "shingle", "roof_color": "#b9bcbe"}, "ext_summary": "Athletic building \u00b7 brick, grey hip roof \u00b7 entrance canopy \u00b7 entrance cue faces E toward Alumni Drive", "arch": "athletic_hall"}}, {"type": "Feature", "geometry": {"type": "Polygon", "coordinates": [[[-89.974262, 34.623777], [-89.974262, 34.623559], [-89.974578, 34.623559], [-89.974578, 34.623568], [-89.975452, 34.623568], [-89.975452, 34.623858], [-89.974578, 34.623858], [-89.974578, 34.623777], [-89.974262, 34.623777]]]}, "properties": {"id": "44a", "key": "44a", "number": 44, "label": "44", "name": "ROC courts building", "parent_name": "The ROC (Ranger Outdoor Complex)", "parent_id": "44", "category": "athletic", "notes": "", "approx": false, "position_source": "OSM named feature \"Rec Courts at the Roc\" (way/479548903)", "lat": 34.623677, "lng": -89.975006, "height": 0.2, "height_ft": 0.7, "stories_approx": 0, "geom_source": "imagery_courts", "footprint_id": "imagery-44-courts", "footprint_source": "imagery (Esri z19)", "ext": {"arch": "field", "height": 0.2, "pitches": [{"ring": [[-89.975452, 34.623568], [-89.974578, 34.623568], [-89.974578, 34.623858], [-89.975452, 34.623858], [-89.975452, 34.623568]], "sport": "hard", "y": 0.12}, {"ring": [[-89.974578, 34.623559], [-89.974262, 34.623559], [-89.974262, 34.623777], [-89.974578, 34.623777], [-89.974578, 34.623559]], "sport": "sand", "y": 0.12}, {"ring": [[-89.97543, 34.623587], [-89.975266, 34.623587], [-89.975266, 34.623822], [-89.97543, 34.623822], [-89.97543, 34.623587]], "sport": "basketball", "y": 0.16, "fence": false}, {"ring": [[-89.975212, 34.623587], [-89.975048, 34.623587], [-89.975048, 34.623822], [-89.975212, 34.623822], [-89.975212, 34.623587]], "sport": "basketball", "y": 0.16, "fence": false}, {"ring": [[-89.974993, 34.623587], [-89.97483, 34.623587], [-89.97483, 34.623822], [-89.974993, 34.623822], [-89.974993, 34.623587]], "sport": "basketball", "y": 0.16, "fence": false}, {"ring": [[-89.974775, 34.623587], [-89.974611, 34.623587], [-89.974611, 34.623822], [-89.974775, 34.623822], [-89.974775, 34.623587]], "sport": "basketball", "y": 0.16, "fence": false}]}, "ext_summary": "Outdoor courts: 4 basketball courts + sand volleyball (no building)", "arch": "field"}}, {"type": "Feature", "geometry": {"type": "Polygon", "coordinates": [[[-89.975332, 34.622605], [-89.975332, 34.623324], [-89.974578, 34.623324], [-89.974578, 34.622605], [-89.975332, 34.622605]]]}, "properties": {"id": "44b", "key": "44b", "number": 44, "label": "44", "name": "ROC tennis courts", "parent_name": "The ROC (Ranger Outdoor Complex)", "parent_id": "44", "category": "athletic", "notes": "", "approx": false, "position_source": "OSM named feature \"Ranger Tennis Courts at the ROC\" (way/486893545)", "lat": 34.623134, "lng": -89.974955, "height": 5.49, "height_ft": 18.0, "stories_approx": 1.5, "geom_source": "osm_pitch+imagery", "footprint_id": "imagery-44-tennis", "footprint_source": "osm", "ext": {"arch": "field", "height": 0.2, "pitches": [{"ring": [[-89.974578, 34.622999], [-89.974578, 34.623324], [-89.975332, 34.623324], [-89.975332, 34.622999], [-89.974578, 34.622999]], "sport": "court", "y": 0.12, "fence": true}, {"ring": [[-89.974578, 34.622605], [-89.974578, 34.622931], [-89.975332, 34.622931], [-89.975332, 34.622605], [-89.974578, 34.622605]], "sport": "court", "y": 0.12, "fence": true}, {"ring": [[-89.975134, 34.623277], [-89.97529, 34.623277], [-89.975287, 34.623024], [-89.975133, 34.623024], [-89.975134, 34.623277]], "sport": "tennis", "y": 0.16, "fence": false}, {"ring": [[-89.974955, 34.623276], [-89.97511, 34.623276], [-89.975108, 34.623024], [-89.974954, 34.623023], [-89.974955, 34.623276]], "sport": "tennis", "y": 0.16, "fence": false}, {"ring": [[-89.974751, 34.623275], [-89.974907, 34.623275], [-89.974904, 34.623022], [-89.97475, 34.623022], [-89.974751, 34.623275]], "sport": "tennis", "y": 0.16, "fence": false}, {"ring": [[-89.974572, 34.623273], [-89.974728, 34.623273], [-89.974726, 34.62302], [-89.974571, 34.62302], [-89.974572, 34.623273]], "sport": "tennis", "y": 0.16, "fence": false}, {"ring": [[-89.975135, 34.622882], [-89.97529, 34.622882], [-89.975288, 34.622629], [-89.975134, 34.622629], [-89.975135, 34.622882]], "sport": "tennis", "y": 0.16, "fence": false}, {"ring": [[-89.974953, 34.62288], [-89.975108, 34.622881], [-89.975106, 34.622628], [-89.974952, 34.622627], [-89.974953, 34.62288]], "sport": "tennis", "y": 0.16, "fence": false}, {"ring": [[-89.974751, 34.62288], [-89.974907, 34.62288], [-89.974905, 34.622628], [-89.97475, 34.622627], [-89.974751, 34.62288]], "sport": "tennis", "y": 0.16, "fence": false}, {"ring": [[-89.974573, 34.622882], [-89.974728, 34.622882], [-89.974726, 34.622629], [-89.974572, 34.622629], [-89.974573, 34.622882]], "sport": "tennis", "y": 0.16, "fence": false}]}, "ext_summary": "Tennis complex: 8 courts in two fenced blocks of 4", "arch": "field"}}, {"type": "Feature", "geometry": {"type": "Polygon", "coordinates": [[[-89.9782526, 34.6213857], [-89.9782178, 34.6219496], [-89.9786121, 34.6219662], [-89.9787918, 34.6218757], [-89.9788937, 34.6217929], [-89.9789822, 34.6216825], [-89.9789929, 34.6216527], [-89.9789956, 34.6214552], [-89.9790023, 34.6213437], [-89.9783345, 34.6213194], [-89.9782526, 34.6213857]]]}, "properties": {"id": "45", "key": "45", "number": 45, "label": "45", "name": "Softball and Soccer Complex", "parent_name": null, "parent_id": null, "category": "athletic", "notes": "Marker is on the OSM \"Ranger Softball Field\"; the soccer field is just south of it.", "approx": false, "position_source": "OSM named feature \"Ranger Softball Field\" (way/479548907)", "lat": 34.62162, "lng": -89.978574, "height": 0.46, "height_ft": 1.5, "stories_approx": 0.1, "geom_source": "osm_pitch", "footprint_id": "pitch-479548907", "footprint_source": "osm", "ext": {"arch": "field", "height": 0.25, "pitches": [{"ring": [[-89.9782526, 34.6213857], [-89.9782178, 34.6219496], [-89.9786121, 34.6219662], [-89.9787918, 34.6218757], [-89.9788937, 34.6217929], [-89.9789822, 34.6216825], [-89.9789929, 34.6216527], [-89.9789956, 34.6214552], [-89.9790023, 34.6213437], [-89.9783345, 34.6213194], [-89.9782526, 34.6213857]], "sport": "softball"}, {"ring": [[-89.9788145, 34.6201543], [-89.9787903, 34.6211305], [-89.9780455, 34.6211061], [-89.9780792, 34.6201358], [-89.9788145, 34.6201543]], "sport": "soccer"}]}, "ext_summary": "Playing field: flat turf with painted lines on the OSM pitch outline (no structure)", "arch": "field"}}, {"type": "Feature", "geometry": {"type": "Polygon", "coordinates": [[[-89.9757986, 34.6273055], [-89.9747962, 34.6273069], [-89.9747886, 34.6277484], [-89.9758049, 34.6277519], [-89.9757986, 34.6273055]]]}, "properties": {"id": "46", "key": "46", "number": 46, "label": "46", "name": "Band Practice Field", "parent_name": null, "parent_id": null, "category": "athletic", "notes": "", "approx": true, "position_source": "Official map label georeferenced to OSM roads (~6 m RMS fit)", "lat": 34.627354, "lng": -89.97493, "height": 0.46, "height_ft": 1.5, "stories_approx": 0.1, "geom_source": "osm_pitch", "footprint_id": "pitch-1472954955", "footprint_source": "osm", "ext": {"arch": "field", "height": 0.25, "pitches": [{"ring": [[-89.9757986, 34.6273055], [-89.9747962, 34.6273069], [-89.9747886, 34.6277484], [-89.9758049, 34.6277519], [-89.9757986, 34.6273055]], "sport": "american_football"}]}, "ext_summary": "Playing field: flat turf with painted lines on the OSM pitch outline (no structure)", "arch": "field"}}, {"type": "Feature", "geometry": {"type": "Polygon", "coordinates": [[[-89.977277, 34.625056], [-89.977272, 34.625429], [-89.977047, 34.625427], [-89.977046, 34.625475], [-89.976916, 34.625474], [-89.976791, 34.625472], [-89.976791, 34.625431], [-89.976575, 34.625429], [-89.97658, 34.625105], [-89.976738, 34.625107], [-89.976737, 34.625134], [-89.97676, 34.625135], [-89.977094, 34.625138], [-89.977123, 34.625138], [-89.977124, 34.625055], [-89.977277, 34.625056]]]}, "properties": {"id": "47", "key": "47", "number": 47, "label": "47", "name": "Ranger Football Complex", "parent_name": null, "parent_id": null, "category": "athletic", "notes": "Matched to the OSM building \"Northwest Football Fieldhouse\".", "approx": false, "position_source": "OSM named feature \"Northwest Football Fieldhouse\" (way/527841767)", "lat": 34.625295, "lng": -89.97698, "height": 7.32, "height_ft": 24.0, "stories_approx": 2.0, "geom_source": "footprint", "footprint_id": "527841767", "footprint_source": "osm", "ext": {"arch": "athletic_hall", "stories": 2, "floor_h": 3.66, "facade": "brick_red_ribbon", "ground": "brick_red_ribbon", "roof": "perimeter_hip", "pitch": 28, "trim": "#d8dadc", "canopy": "flat_small", "rtu": 1, "height": 7.32, "entrance": 272, "entrance_road": "Holder Drive", "hip_inset": 5.4}, "ext_summary": "Athletic building \u00b7 brick, pitched roof \u00b7 entrance canopy \u00b7 entrance cue faces W toward Holder Drive", "arch": "athletic_hall"}}, {"type": "Feature", "geometry": {"type": "Polygon", "coordinates": [[[-89.972169, 34.627643], [-89.972423, 34.627645], [-89.972426, 34.627273], [-89.972359, 34.627272], [-89.972359, 34.627311], [-89.972171, 34.62731], [-89.972169, 34.627643]]]}, "properties": {"id": "48", "key": "48", "number": 48, "label": "48", "name": "Indoor Batting Facility", "parent_name": null, "parent_id": null, "category": "athletic", "notes": "", "approx": true, "position_source": "Official map label, georeferenced, snapped to the centroid of the building footprint it marks", "lat": 34.627471, "lng": -89.972297, "height": 5.49, "height_ft": 18.0, "stories_approx": 1.5, "geom_source": "footprint", "footprint_id": "1130670553", "footprint_source": "osm", "ext": {"arch": "athletic_hall", "stories": 1, "floor_h": 5.49, "facade": "metal_band", "ground": "metal_band", "roof": "gable_or_flat", "pitch": 12, "parapet": 0.7, "trim": "#d8dadc", "canopy": "flat_small", "rtu": 1, "height": 5.49, "entrance": 2, "entrance_road": "Wilson Drive"}, "ext_summary": "Athletic building \u00b7 metal panels, low-slope gable roof \u00b7 entrance canopy \u00b7 entrance cue faces N toward Wilson Drive", "arch": "athletic_hall"}}, {"type": "Feature", "geometry": {"type": "Polygon", "coordinates": [[[-89.97838124592786, 34.622310118217754], [-89.97818475407215, 34.622310118217754], [-89.97818475407215, 34.62243588178225], [-89.97838124592786, 34.62243588178225], [-89.97838124592786, 34.622310118217754]]]}, "properties": {"id": "49", "key": "49", "number": 49, "label": "49", "name": "Athletic Performance Facility", "parent_name": null, "parent_id": null, "category": "athletic", "notes": "", "approx": true, "position_source": "Official map label georeferenced to OSM roads (~6 m RMS fit)", "lat": 34.622373, "lng": -89.978283, "height": 5.49, "height_ft": 18.0, "stories_approx": 1.5, "geom_source": "box", "footprint_id": null, "footprint_source": null, "ext": {"arch": "athletic_hall", "stories": 1, "floor_h": 5.49, "facade": "metal_band", "ground": "metal_band", "roof": "gable_or_flat", "pitch": 12, "parapet": 0.7, "trim": "#d8dadc", "canopy": "flat_small", "rtu": 1, "height": 5.49, "entrance": 92, "entrance_road": "Holder Drive"}, "ext_summary": "Athletic building \u00b7 metal panels, low-slope gable roof \u00b7 entrance canopy \u00b7 entrance cue faces E toward Holder Drive", "arch": "athletic_hall"}}, {"type": "Feature", "geometry": {"type": "Polygon", "coordinates": [[[-89.974434, 34.626767], [-89.974272, 34.626768], [-89.974277, 34.62687], [-89.974044, 34.626875], [-89.974031, 34.627308], [-89.973992, 34.627307], [-89.973984, 34.627395], [-89.973935, 34.627393], [-89.973936, 34.627501], [-89.973987, 34.627503], [-89.973988, 34.627691], [-89.974275, 34.627694], [-89.974589, 34.627698], [-89.974594, 34.627603], [-89.974593, 34.627316], [-89.974626, 34.627317], [-89.974682, 34.627318], [-89.974688, 34.627224], [-89.974645, 34.627223], [-89.974651, 34.626954], [-89.974684, 34.626954], [-89.97468, 34.626865], [-89.974434, 34.626864], [-89.974434, 34.626767]]]}, "properties": {"id": "50", "key": "50", "number": 50, "label": "50", "name": "Heindl Center for the Performing Arts", "parent_name": null, "parent_id": null, "category": "support", "notes": "", "approx": false, "position_source": "OSM named feature \"Heindl Center for the Performing Arts\" (way/1472954954)", "lat": 34.627275, "lng": -89.974344, "height": 7.32, "height_ft": 24.0, "stories_approx": 2.0, "geom_source": "footprint", "footprint_id": "1472954954", "footprint_source": "osm", "ext": {"arch": "heindl", "stories": 2, "floor_h": 3.9, "facade": "heindl_panel", "ground": "heindl_panel", "roof": "flat_parapet", "parapet": 1.0, "trim": "#e9e5dc", "canopy": "atrium", "atrium_h": 10.5, "atrium_w": 26, "atrium_d": 9, "front": {"w": 44, "h": 7.4, "facade": "curtain", "floor": 3.7}, "flytower": {"h": 19.0, "back": 0.3, "w": 0.34, "d": 0.24}, "rtu": 3, "entrance": 177, "entrance_road": "Northwest Drive", "landmark": true, "height": 7.8}, "ext_summary": "Opened 2023, ~61\u201365k sf, 1,203 seats \u00b7 brick/precast panels \u00b7 two-story glass lobby wall + projecting glass entry with canopy \u00b7 tall stage fly tower at the back \u00b7 entrance cue faces S toward Northwest Drive", "arch": "heindl"}}, {"type": "Feature", "geometry": {"type": "Polygon", "coordinates": [[[-89.969166, 34.62628], [-89.969283, 34.626501], [-89.969628, 34.626378], [-89.96951, 34.626156], [-89.969166, 34.62628]]]}, "properties": {"id": "51", "key": "51", "number": 51, "label": "51", "name": "Yalobusha Hall", "parent_name": null, "parent_id": null, "category": "support", "notes": "One-Stop Enrollment Center", "approx": true, "position_source": "Official map label, georeferenced, snapped to the centroid of the building footprint it marks", "lat": 34.62631, "lng": -89.969347, "height": 7.0, "height_ft": 23.0, "stories_approx": 2.0, "geom_source": "footprint", "footprint_id": "1130670560", "footprint_source": "osm", "ext": {"arch": "office", "stories": 2, "floor_h": 3.5, "facade": "brick_admin", "ground": "brick_admin", "roof": "hip_or_flat", "pitch": 18, "parapet": 0.7, "trim": "#f0ebe0", "canopy": "flat_small", "rtu": 1, "height": 7.0, "entrance": 13, "entrance_road": "Northwest Drive"}, "ext_summary": "2 stories \u00b7 brick office building with punched windows \u00b7 hipped or flat roof \u00b7 entrance canopy \u00b7 entrance cue faces N toward Northwest Drive", "arch": "office"}}, {"type": "Feature", "geometry": {"type": "Polygon", "coordinates": [[[-89.969527, 34.62567], [-89.969665, 34.625669], [-89.969665, 34.625605], [-89.969848, 34.625604], [-89.969848, 34.625638], [-89.970038, 34.625637], [-89.970037, 34.625603], [-89.970086, 34.625603], [-89.970084, 34.625515], [-89.970032, 34.625515], [-89.970031, 34.625453], [-89.969784, 34.625456], [-89.969785, 34.625469], [-89.96966, 34.62547], [-89.969659, 34.625399], [-89.969534, 34.6254], [-89.969535, 34.625481], [-89.969525, 34.625481], [-89.969527, 34.62567]]]}, "properties": {"id": "52", "key": "52", "number": 52, "label": "52", "name": "J. P. McCormick Administration Building", "parent_name": null, "parent_id": null, "category": "support", "notes": "", "approx": true, "position_source": "Official map label, georeferenced, snapped to the centroid of the building footprint it marks", "lat": 34.625581, "lng": -89.96988, "height": 6.6, "height_ft": 21.7, "stories_approx": 2.0, "geom_source": "footprint", "footprint_id": "1130670564", "footprint_source": "osm", "ext": {"arch": "mccormick", "stories": 2, "floor_h": 3.3, "facade": "brick_admin", "ground": "brick_admin", "roof": "hip", "pitch": 22, "trim": "#f5f2ea", "canopy": "portico", "columns": 6, "rtu": 0, "entrance": 24, "entrance_road": "Circle Drive", "landmark": true, "height": 6.6}, "ext_summary": "1 tall story \u00b7 red brick, tall white-framed windows \u00b7 low hipped roof \u00b7 white-columned portico with pediment at the main entrance \u00b7 entrance cue faces NE toward Circle Drive", "arch": "mccormick"}}, {"type": "Feature", "geometry": {"type": "Polygon", "coordinates": [[[-89.969756, 34.624763], [-89.969774, 34.62481], [-89.969781, 34.624722], [-89.970051, 34.624737], [-89.970025, 34.625051], [-89.969947, 34.625047], [-89.970045, 34.625309], [-89.969837, 34.625362], [-89.969746, 34.625119], [-89.969758, 34.62497], [-89.969721, 34.624968], [-89.969721, 34.624761], [-89.969756, 34.624763]]]}, "properties": {"id": "53", "key": "53", "number": 53, "label": "53", "name": "R.C. Pugh Library", "parent_name": null, "parent_id": null, "category": "support", "notes": "Closed for renovations; temporary library is on the 2nd floor of the Tunica Building (#21)", "approx": true, "position_source": "Official map label, georeferenced (label sits on a footprint shared with other labels or a large footprint)", "lat": 34.624831, "lng": -89.96986, "height": 7.32, "height_ft": 24.0, "stories_approx": 2.0, "geom_source": "footprint", "footprint_id": "ms-258", "footprint_source": "ms", "ext": {"arch": "library", "stories": 2, "floor_h": 3.66, "facade": "brick_red_ribbon", "ground": "brick_red_ribbon", "front": {"w": 16, "h": 6.8, "facade": "curtain", "floor": 3.4}, "roof": "flat_parapet", "parapet": 1.0, "trim": "#efe9dc", "canopy": "flat", "rtu": 3, "height": 7.32, "entrance": 67, "entrance_road": "Circle Drive"}, "ext_summary": "2 stories \u00b7 brick with ribbon windows \u00b7 flat roof with parapet \u00b7 entrance canopy \u00b7 entrance cue faces NE toward Circle Drive", "arch": "library"}}, {"type": "Feature", "geometry": {"type": "Polygon", "coordinates": [[[-89.972784, 34.623342], [-89.972784, 34.623699], [-89.972156, 34.623706], [-89.972154, 34.623564], [-89.972152, 34.623564], [-89.972152, 34.623498], [-89.972154, 34.623498], [-89.972152, 34.623412], [-89.972152, 34.623349], [-89.972784, 34.623342]]]}, "properties": {"id": "54", "key": "54", "number": 54, "label": "54", "name": "McLendon Center (Union)", "parent_name": null, "parent_id": null, "category": "support", "notes": "Student union", "approx": true, "position_source": "Official map label, georeferenced (label sits on a footprint shared with other labels or a large footprint)", "lat": 34.623556, "lng": -89.972428, "height": 8.8, "height_ft": 28.9, "stories_approx": 2.0, "geom_source": "footprint", "footprint_id": "1218254487", "footprint_source": "osm", "ext": {"arch": "mclendon", "stories": 2, "floor_h": 4.4, "facade": "brick_tan_ribbon", "ground": "brick_tan_ribbon", "roof": "hip", "trim": "#efe9dc", "canopy": "deep", "rtu": 5, "front": {"w": 26, "h": 4.2, "facade": "storefront", "floor": 4.2}, "entrance": 246, "entrance_road": "Alumni Drive", "landmark": true, "height": 8.8, "pitch": 22}, "ext_summary": "Tall 2-level student union hall \u00b7 tan brick with ribbon windows, glass storefront on the entrance side \u00b7 large dark hip roof \u00b7 deep entrance canopy \u00b7 entrance cue faces SW toward Alumni Drive", "arch": "mclendon"}}, {"type": "Feature", "geometry": {"type": "Polygon", "coordinates": [[[-89.973035, 34.625191], [-89.972436, 34.625187], [-89.972435, 34.625272], [-89.97238, 34.625271], [-89.972378, 34.625397], [-89.9723, 34.625396], [-89.972298, 34.625584], [-89.97244, 34.625585], [-89.972438, 34.625788], [-89.97263, 34.62579], [-89.972628, 34.625911], [-89.972863, 34.625913], [-89.972864, 34.625785], [-89.973038, 34.625786], [-89.97304, 34.625563], [-89.973151, 34.625564], [-89.973153, 34.625409], [-89.973032, 34.625408], [-89.973035, 34.625191]]]}, "properties": {"id": "55", "key": "55", "number": 55, "label": "55", "name": "David M. Haraway Center", "parent_name": null, "parent_id": null, "category": "support", "notes": "", "approx": true, "position_source": "Official map label, georeferenced, snapped to the centroid of the building footprint it marks", "lat": 34.625509, "lng": -89.972721, "height": 8.5, "height_ft": 27.9, "stories_approx": 2.0, "geom_source": "footprint", "footprint_id": "1130670565", "footprint_source": "osm", "ext": {"arch": "haraway", "stories": 2, "floor_h": 4.25, "facade": "brick_red_modern", "ground": "brick_red_modern", "roof": "perimeter_hip", "trim": "#e8e2d6", "canopy": "atrium", "atrium_h": 9.5, "atrium_w": 20, "atrium_d": 8, "rtu": 4, "front": {"w": 40, "h": 4.6, "facade": "storefront", "floor": 4.6}, "entrance": 259, "entrance_road": "Alumni Drive", "landmark": true, "height": 8.5, "hip_inset": 6.3, "pitch": 28}, "ext_summary": "Opened 2005, ~42,000 sf \u00b7 red brick with tall windows, glass storefront along the entrance side \u00b7 pitched roof \u00b7 two-story glass entry atrium with canopy \u00b7 entrance cue faces W toward Alumni Drive", "arch": "haraway"}}, {"type": "Feature", "geometry": {"type": "Polygon", "coordinates": [[[-89.969694, 34.624967], [-89.969673, 34.625217], [-89.969468, 34.625206], [-89.969474, 34.625125], [-89.969433, 34.625122], [-89.969414, 34.625072], [-89.969348, 34.625068], [-89.969327, 34.625011], [-89.969256, 34.625007], [-89.969271, 34.624829], [-89.969345, 34.624833], [-89.969348, 34.624804], [-89.969422, 34.624808], [-89.969427, 34.624822], [-89.969608, 34.624832], [-89.969612, 34.624781], [-89.969703, 34.624786], [-89.969705, 34.62476], [-89.969721, 34.624761], [-89.969721, 34.624968], [-89.969694, 34.624967]]]}, "properties": {"id": "56", "key": "56", "number": 56, "label": "56", "name": "Tate Hall", "parent_name": null, "parent_id": null, "category": "support", "notes": "The official map shows \"56\" twice; this marker uses the yellow support building beside the R.C. Pugh Library (#53). A second \"56\" label sits on the drive between the Mechanical Technology Building (#30) and the ROC field and looks like a stray label.", "approx": true, "position_source": "Official map label, georeferenced (label sits on a footprint shared with other labels or a large footprint)", "lat": 34.624954, "lng": -89.969447, "height": 4.6, "height_ft": 15.1, "stories_approx": 1.0, "geom_source": "footprint", "footprint_id": "ms-258-east", "footprint_source": "ms", "ext": {"arch": "office", "stories": 1, "floor_h": 4.6, "facade": "brick_admin", "ground": "brick_admin", "roof": "perimeter_hip", "pitch": 28, "trim": "#efe9dc", "canopy": "flat_small", "height": 4.6, "entrance": 90, "entrance_road": "Circle Drive", "hip_inset": 3.6, "roof_ring": [[-89.969721, 34.624787], [-89.969721, 34.624968], [-89.969694, 34.624967], [-89.969673, 34.625217], [-89.969468, 34.625206], [-89.969474, 34.625125], [-89.969433, 34.625122], [-89.969414, 34.625072], [-89.969348, 34.625068], [-89.969327, 34.625011], [-89.969256, 34.625007], [-89.969271, 34.624829], [-89.969345, 34.624833], [-89.969348, 34.624804], [-89.969422, 34.624808], [-89.969427, 34.624822], [-89.969608, 34.624832], [-89.969612, 34.624781], [-89.969721, 34.624787]]}, "ext_summary": "1 story \u00b7 brick, dark cross-gabled roof (modelled as a hipped roof) \u00b7 joined to the R.C. Pugh Library (#53) by a low link", "arch": "office"}}, {"type": "Feature", "geometry": {"type": "Polygon", "coordinates": [[[-89.972249, 34.627158], [-89.972423, 34.627162], [-89.972431, 34.626893], [-89.972257, 34.626889], [-89.972249, 34.627158]]]}, "properties": {"id": "57", "key": "57", "number": 57, "label": "57", "name": "Tate County EDF Offices", "parent_name": null, "parent_id": null, "category": "support", "notes": "Tate County Economic Development Foundation", "approx": true, "position_source": "Official map label, georeferenced, snapped to the centroid of the building footprint it marks", "lat": 34.627041, "lng": -89.972381, "height": 3.66, "height_ft": 12.0, "stories_approx": 1.0, "geom_source": "footprint", "footprint_id": "1130670554", "footprint_source": "osm", "ext": {"arch": "office", "stories": 1, "floor_h": 4.0, "facade": "brick_admin", "ground": "brick_admin", "roof": "hip_or_flat", "pitch": 18, "parapet": 0.7, "trim": "#f0ebe0", "canopy": "flat_small", "rtu": 1, "height": 4.0, "entrance": 179, "entrance_road": "Northwest Drive"}, "ext_summary": "1 story \u00b7 brick office building with punched windows \u00b7 hipped or flat roof \u00b7 entrance canopy \u00b7 entrance cue faces S toward Northwest Drive", "arch": "office"}}, {"type": "Feature", "geometry": {"type": "Polygon", "coordinates": [[[-89.969753, 34.626036], [-89.969617, 34.626197], [-89.969732, 34.626263], [-89.969821, 34.626157], [-89.969794, 34.626142], [-89.969841, 34.626087], [-89.969753, 34.626036]]]}, "properties": {"id": "58", "key": "58", "number": 58, "label": "58", "name": "Strategic Communications", "parent_name": null, "parent_id": null, "category": "support", "notes": "", "approx": true, "position_source": "Official map label, georeferenced (label sits on a footprint shared with other labels or a large footprint)", "lat": 34.626137, "lng": -89.969711, "height": 3.66, "height_ft": 12.0, "stories_approx": 1.0, "geom_source": "footprint", "footprint_id": "1130670562", "footprint_source": "osm", "ext": {"arch": "office", "stories": 1, "floor_h": 4.0, "facade": "brick_admin", "ground": "brick_admin", "roof": "hip_or_flat", "pitch": 18, "parapet": 0.7, "trim": "#f0ebe0", "canopy": "flat_small", "rtu": 1, "height": 4.0, "entrance": 245, "entrance_road": "Circle Drive"}, "ext_summary": "1 story \u00b7 brick office building with punched windows \u00b7 hipped or flat roof \u00b7 entrance canopy \u00b7 entrance cue faces SW toward Circle Drive", "arch": "office"}}, {"type": "Feature", "geometry": {"type": "Polygon", "coordinates": [[[-89.978149, 34.625561], [-89.978491, 34.625569], [-89.9785, 34.625311], [-89.978159, 34.625303], [-89.978149, 34.625561]]]}, "properties": {"id": "59", "key": "59", "number": 59, "label": "59", "name": "Physical Plant", "parent_name": null, "parent_id": null, "category": "support", "notes": "", "approx": true, "position_source": "Official map label, georeferenced, snapped to the centroid of the building footprint it marks", "lat": 34.625425, "lng": -89.978294, "height": 3.66, "height_ft": 12.0, "stories_approx": 1.0, "geom_source": "footprint", "footprint_id": "1218254501", "footprint_source": "osm", "ext": {"arch": "warehouse", "stories": 1, "floor_h": 4.8, "facade": "metal_ribs", "ground": "metal_ribs", "roof": "flat_parapet", "pitch": 12, "trim": "#c9ccce", "canopy": "none", "doors": 3, "rtu": 0, "height": 4.8, "entrance": 92, "entrance_road": "Holder Drive", "parapet": 0.35, "roof_color": "#8c8f92"}, "ext_summary": "Service building \u00b7 ribbed metal siding \u00b7 low gable metal roof \u00b7 roll-up doors \u00b7 entrance cue faces E toward Holder Drive", "arch": "warehouse"}}, {"type": "Feature", "geometry": {"type": "Polygon", "coordinates": [[[-89.979589, 34.624291], [-89.979798, 34.624293], [-89.979805, 34.623898], [-89.979596, 34.623896], [-89.979589, 34.624291]]]}, "properties": {"id": "60", "key": "60", "number": 60, "label": "60", "name": "Taylor Fore Transportation Center", "parent_name": null, "parent_id": null, "category": "support", "notes": "", "approx": true, "position_source": "Official map label, georeferenced, snapped to the centroid of the building footprint it marks", "lat": 34.624067, "lng": -89.979627, "height": 3.66, "height_ft": 12.0, "stories_approx": 1.0, "geom_source": "footprint", "footprint_id": "1218254505", "footprint_source": "osm", "ext": {"arch": "warehouse", "stories": 1, "floor_h": 4.8, "facade": "metal_ribs", "ground": "metal_ribs", "roof": "gable_or_flat", "pitch": 12, "trim": "#c9ccce", "canopy": "none", "doors": 3, "rtu": 0, "height": 4.8, "entrance": 89, "entrance_road": "Transportation Drive"}, "ext_summary": "Service building \u00b7 ribbed metal siding \u00b7 low gable metal roof \u00b7 roll-up doors \u00b7 entrance cue faces E toward Transportation Drive", "arch": "warehouse"}}, {"type": "Feature", "geometry": {"type": "Polygon", "coordinates": [[[-89.979694, 34.625456], [-89.979423, 34.625449], [-89.979407, 34.625834], [-89.979678, 34.625841], [-89.979694, 34.625456]]]}, "properties": {"id": "61", "key": "61", "number": 61, "label": "61", "name": "Warehouse #2", "parent_name": null, "parent_id": null, "category": "support", "notes": "", "approx": true, "position_source": "Official map label, georeferenced, snapped to the centroid of the building footprint it marks", "lat": 34.625647, "lng": -89.979555, "height": 3.66, "height_ft": 12.0, "stories_approx": 1.0, "geom_source": "footprint", "footprint_id": "1130670572", "footprint_source": "osm", "ext": {"arch": "warehouse", "stories": 1, "floor_h": 4.8, "facade": "metal_ribs", "ground": "metal_ribs", "roof": "gable_or_flat", "pitch": 12, "trim": "#c9ccce", "canopy": "none", "doors": 3, "rtu": 0, "height": 4.8, "entrance": 92, "entrance_road": "Transportation Drive"}, "ext_summary": "Service building \u00b7 ribbed metal siding \u00b7 low gable metal roof \u00b7 roll-up doors \u00b7 entrance cue faces E toward Transportation Drive", "arch": "warehouse"}}, {"type": "Feature", "geometry": {"type": "Polygon", "coordinates": [[[-89.973052, 34.623339], [-89.973052, 34.623784], [-89.972788, 34.623787], [-89.972786, 34.623699], [-89.972784, 34.623699], [-89.972784, 34.623342], [-89.973052, 34.623339]]]}, "properties": {"id": "62", "key": "62", "number": 62, "label": "62", "name": "Chick-fil-A", "parent_name": null, "parent_id": null, "category": "support", "notes": "", "approx": true, "position_source": "Official map label, georeferenced (label sits on a footprint shared with other labels or a large footprint)", "lat": 34.623627, "lng": -89.972936, "height": 5.2, "height_ft": 17.1, "stories_approx": 1.0, "geom_source": "footprint", "footprint_id": "1218254487", "footprint_source": "osm", "ext": {"arch": "office", "stories": 1, "floor_h": 5.2, "facade": "brick_tan_ribbon", "ground": "brick_tan_ribbon", "roof": "flat_parapet", "parapet": 0.7, "trim": "#efe9dc", "height": 5.2}, "ext_summary": "1 story \u00b7 tan brick \u00b7 flat white roof (middle of the McLendon Center complex)", "arch": "office"}}, {"type": "Feature", "geometry": {"type": "Polygon", "coordinates": [[[-89.973054, 34.623339], [-89.973052, 34.623256], [-89.973052, 34.623091], [-89.973468, 34.623086], [-89.973471, 34.62325], [-89.973441, 34.62325], [-89.973443, 34.623371], [-89.97336, 34.623372], [-89.973367, 34.623781], [-89.973052, 34.623784], [-89.973052, 34.623339], [-89.973054, 34.623339]]]}, "properties": {"id": "63", "key": "63", "number": 63, "label": "63", "name": "Ranger Bookstore", "parent_name": null, "parent_id": null, "category": "support", "notes": "", "approx": true, "position_source": "Official map label, georeferenced (label sits on a footprint shared with other labels or a large footprint)", "lat": 34.623626, "lng": -89.973217, "height": 5.6, "height_ft": 18.4, "stories_approx": 1.0, "geom_source": "footprint", "footprint_id": "1218254487", "footprint_source": "osm", "ext": {"arch": "office", "stories": 1, "floor_h": 5.6, "facade": "brick_tan_ribbon", "ground": "brick_tan_ribbon", "roof": "perimeter_hip", "pitch": 28, "trim": "#efe9dc", "height": 5.6, "hip_inset": 5.4}, "ext_summary": "1 tall story \u00b7 tan brick \u00b7 dark hipped roof (west part of the McLendon Center complex)", "arch": "office"}}, {"type": "Feature", "geometry": {"type": "Polygon", "coordinates": [[[-89.976349, 34.624114], [-89.976407, 34.624605], [-89.97623, 34.624614], [-89.976215, 34.624472], [-89.976168, 34.624472], [-89.976153, 34.624326], [-89.976184, 34.624319], [-89.976159, 34.62414], [-89.976349, 34.624114]]]}, "properties": {"id": "x-stadium-east", "key": "x-stadium-east", "number": null, "label": "", "name": "Bobby Franklin Field east grandstand", "parent_name": null, "parent_id": null, "category": "athletic", "notes": "", "unnumbered": true, "approx": true, "position_source": "unnumbered building (building fixes 2026-10-09)", "height": 5.5, "height_ft": 18.0, "stories_approx": 1.0, "geom_source": "footprint", "footprint_id": "1472548441", "footprint_source": "osm", "ext": {"arch": "stands", "facade": "metal_ribs", "ground": "metal_ribs", "roof": "flat_parapet", "parapet": 0.4, "roof_color": "#b4b9bd", "height": 5.5, "floor_h": 5.5, "stories": 1, "trim": "#ece6da"}, "arch": "stands", "lat": 34.624399, "lng": -89.976272, "ext_summary": "Bobby Franklin Field east grandstand"}}, {"type": "Feature", "geometry": {"type": "Polygon", "coordinates": [[[-89.977363, 34.624425], [-89.977343, 34.62414], [-89.977499, 34.624134], [-89.977521, 34.624424], [-89.977363, 34.624425]]]}, "properties": {"id": "x-stadium-west", "key": "x-stadium-west", "number": null, "label": "", "name": "Bobby Franklin Field west stands", "parent_name": null, "parent_id": null, "category": "athletic", "notes": "", "unnumbered": true, "approx": true, "position_source": "unnumbered building (building fixes 2026-10-09)", "height": 3.0, "height_ft": 9.8, "stories_approx": 1.0, "geom_source": "footprint", "footprint_id": "1472548442", "footprint_source": "osm", "ext": {"arch": "stands", "facade": "metal_ribs", "ground": "metal_ribs", "roof": "flat_parapet", "parapet": 0.3, "roof_color": "#c2c6c9", "height": 3.0, "floor_h": 3.0, "stories": 1, "trim": "#ece6da"}, "arch": "stands", "lat": 34.624282, "lng": -89.977432, "ext_summary": "Bobby Franklin Field west stands"}}, {"type": "Feature", "geometry": {"type": "Polygon", "coordinates": [[[-89.976405, 34.624696], [-89.976442, 34.624944], [-89.976275, 34.62496], [-89.976263, 34.624876], [-89.976319, 34.62487], [-89.976295, 34.624707], [-89.976405, 34.624696]]]}, "properties": {"id": "x-stadium-north", "key": "x-stadium-north", "number": null, "label": "", "name": "Bobby Franklin Field north field house", "parent_name": null, "parent_id": null, "category": "athletic", "notes": "", "unnumbered": true, "approx": true, "position_source": "unnumbered building (building fixes 2026-10-09)", "height": 4.4, "height_ft": 14.4, "stories_approx": 1.0, "geom_source": "footprint", "footprint_id": "1130670571", "footprint_source": "osm", "ext": {"arch": "office", "facade": "brick_admin", "ground": "brick_admin", "roof": "perimeter_hip", "pitch": 28, "height": 4.4, "floor_h": 4.4, "stories": 1, "trim": "#ece6da", "hip_inset": 3.6}, "arch": "office", "lat": 34.624788, "lng": -89.976363, "ext_summary": "Bobby Franklin Field north field house"}}, {"type": "Feature", "geometry": {"type": "Polygon", "coordinates": [[[-89.976379, 34.624057], [-89.976171, 34.624068], [-89.976134, 34.62385], [-89.97635, 34.623834], [-89.976379, 34.624057]]]}, "properties": {"id": "x-stadium-south", "key": "x-stadium-south", "number": null, "label": "", "name": "Bobby Franklin Field south field house", "parent_name": null, "parent_id": null, "category": "athletic", "notes": "", "unnumbered": true, "approx": true, "position_source": "unnumbered building (building fixes 2026-10-09)", "height": 4.8, "height_ft": 15.7, "stories_approx": 1.0, "geom_source": "footprint", "footprint_id": "1472548447", "footprint_source": "osm", "ext": {"arch": "office", "facade": "brick_admin", "ground": "brick_admin", "roof": "hip", "pitch": 22, "height": 4.8, "floor_h": 4.8, "stories": 1, "trim": "#ece6da"}, "arch": "office", "lat": 34.623954, "lng": -89.976258, "ext_summary": "Bobby Franklin Field south field house"}}, {"type": "Feature", "geometry": {"type": "Polygon", "coordinates": [[[-89.978023, 34.625987], [-89.978031, 34.625715], [-89.977899, 34.625713], [-89.977904, 34.625558], [-89.978067, 34.625561], [-89.978067, 34.625575], [-89.978126, 34.625576], [-89.978122, 34.625706], [-89.978145, 34.625707], [-89.978139, 34.625894], [-89.97853, 34.625902], [-89.978527, 34.625997], [-89.978023, 34.625987]]]}, "properties": {"id": "x-pp-north", "key": "x-pp-north", "number": null, "label": "", "name": "Physical Plant north building", "parent_name": null, "parent_id": null, "category": "support", "notes": "", "unnumbered": true, "approx": true, "position_source": "unnumbered building (building fixes 2026-10-09)", "height": 4.8, "height_ft": 15.7, "stories_approx": 1.0, "geom_source": "footprint", "footprint_id": "1218254500", "footprint_source": "osm", "ext": {"arch": "warehouse", "facade": "metal_ribs", "ground": "metal_ribs", "roof": "flat_parapet", "parapet": 0.35, "roof_color": "#9a9da0", "height": 4.8, "floor_h": 4.8, "stories": 1, "trim": "#ece6da"}, "arch": "warehouse", "lat": 34.625805, "lng": -89.978085, "ext_summary": "Physical Plant north building"}}, {"type": "Feature", "geometry": {"type": "Polygon", "coordinates": [[[-89.97852, 34.625515], [-89.978521, 34.625343], [-89.97877, 34.625345], [-89.978769, 34.625488], [-89.978719, 34.625488], [-89.978718, 34.625517], [-89.97852, 34.625515]]]}, "properties": {"id": "x-pp-west", "key": "x-pp-west", "number": null, "label": "", "name": "Physical Plant west building", "parent_name": null, "parent_id": null, "category": "support", "notes": "", "unnumbered": true, "approx": true, "position_source": "unnumbered building (building fixes 2026-10-09)", "height": 4.8, "height_ft": 15.7, "stories_approx": 1.0, "geom_source": "footprint", "footprint_id": "1218254502", "footprint_source": "osm", "ext": {"arch": "warehouse", "facade": "metal_ribs", "ground": "metal_ribs", "roof": "gable", "pitch": 10, "roof_mat": "metal", "roof_color": "#c3c8cc", "height": 4.8, "floor_h": 4.8, "stories": 1, "trim": "#ece6da"}, "arch": "warehouse", "lat": 34.625416, "lng": -89.978645, "ext_summary": "Physical Plant west building"}}, {"type": "Feature", "geometry": {"type": "Polygon", "coordinates": [[[-89.974979, 34.627037], [-89.974975, 34.626865], [-89.975032, 34.626864], [-89.975031, 34.626846], [-89.975089, 34.626845], [-89.975089, 34.626865], [-89.975314, 34.626861], [-89.975318, 34.627032], [-89.974979, 34.627037]]]}, "properties": {"id": "x-bsu", "key": "x-bsu", "number": null, "label": "", "name": "BSU (Baptist Student Union)", "parent_name": null, "parent_id": null, "category": "support", "notes": "", "unnumbered": true, "approx": true, "position_source": "unnumbered building (building fixes 2026-10-09)", "height": 4.6, "height_ft": 15.1, "stories_approx": 1.0, "geom_source": "footprint", "footprint_id": "1218254498", "footprint_source": "osm", "ext": {"arch": "office", "facade": "brick_admin", "ground": "brick_admin", "roof": "gable", "pitch": 18, "roof_mat": "metal", "roof_color": "#d4dcd2", "height": 4.6, "floor_h": 4.6, "stories": 1, "trim": "#ece6da"}, "arch": "office", "lat": 34.626949, "lng": -89.975147, "ext_summary": "BSU (Baptist Student Union)"}}, {"type": "Feature", "geometry": {"type": "Polygon", "coordinates": [[[-89.978455, 34.621195], [-89.979052, 34.621208], [-89.979041, 34.621326], [-89.978457, 34.621305], [-89.978455, 34.621195]]]}, "properties": {"id": "x-softball-bldg", "key": "x-softball-bldg", "number": null, "label": "", "name": "Softball press box / concessions", "parent_name": null, "parent_id": null, "category": "athletic", "notes": "", "unnumbered": true, "approx": true, "position_source": "unnumbered building (building fixes 2026-10-09)", "height": 4.0, "height_ft": 13.1, "stories_approx": 1.0, "geom_source": "footprint", "footprint_id": "1472954973", "footprint_source": "osm", "ext": {"arch": "office", "facade": "brick_admin", "ground": "brick_admin", "roof": "hip", "pitch": 20, "height": 4.0, "floor_h": 4.0, "stories": 1, "trim": "#ece6da"}, "arch": "office", "lat": 34.621257, "lng": -89.978752, "ext_summary": "Softball press box / concessions"}}, {"type": "Feature", "geometry": {"type": "Polygon", "coordinates": [[[-89.974382, 34.623321], [-89.974378, 34.623206], [-89.974477, 34.623204], [-89.974481, 34.623319], [-89.974382, 34.623321]]]}, "properties": {"id": "x-tennis-bldg", "key": "x-tennis-bldg", "number": null, "label": "", "name": "ROC tennis building", "parent_name": null, "parent_id": null, "category": "athletic", "notes": "", "unnumbered": true, "approx": true, "position_source": "unnumbered building (building fixes 2026-10-09)", "height": 3.6, "height_ft": 11.8, "stories_approx": 1.0, "geom_source": "footprint", "footprint_id": "ms-178", "footprint_source": "ms", "ext": {"arch": "office", "facade": "brick_admin", "ground": "brick_admin", "roof": "hip", "pitch": 22, "height": 3.6, "floor_h": 3.6, "stories": 1, "trim": "#ece6da"}, "arch": "office", "lat": 34.623262, "lng": -89.97443, "ext_summary": "ROC tennis building"}}, {"type": "Feature", "geometry": {"type": "Polygon", "coordinates": [[[-89.974916, 34.621939], [-89.974916, 34.621879], [-89.974954, 34.621879], [-89.974954, 34.621828], [-89.97519, 34.621828], [-89.97519, 34.62193], [-89.97508, 34.62193], [-89.97508, 34.621945], [-89.974996, 34.621945], [-89.974996, 34.621939], [-89.974916, 34.621939]]]}, "properties": {"id": "x-marshall-annex", "key": "x-marshall-annex", "number": null, "label": "", "name": "Marshall Hall annex (office / lounge)", "parent_name": null, "parent_id": null, "category": "residence", "notes": "", "unnumbered": true, "approx": true, "position_source": "unnumbered building (building fixes 2026-10-09)", "height": 3.6, "height_ft": 11.8, "stories_approx": 1.0, "geom_source": "footprint", "footprint_id": "ms-85", "footprint_source": "ms", "ext": {"arch": "dorm", "facade": "dorm_red", "ground": "dorm_red", "roof": "perimeter_hip", "pitch": 28, "height": 3.6, "floor_h": 3.6, "stories": 1, "trim": "#ece6da", "hip_inset": 2.93}, "arch": "dorm", "lat": 34.621904, "lng": -89.975053, "ext_summary": "Marshall Hall annex (office / lounge)"}}, {"type": "Feature", "geometry": {"type": "Polygon", "coordinates": [[[-89.971459, 34.622217], [-89.971587, 34.622221], [-89.971584, 34.622302], [-89.971455, 34.622299], [-89.971459, 34.622217]]]}, "properties": {"id": "x-cottage-1", "key": "x-cottage-1", "number": null, "label": "", "name": "Cottage north of Thompson St (1)", "parent_name": null, "parent_id": null, "category": "support", "notes": "", "unnumbered": true, "approx": true, "position_source": "unnumbered building (building fixes 2026-10-09)", "height": 3.2, "height_ft": 10.5, "stories_approx": 1.0, "geom_source": "footprint", "footprint_id": "ms-102", "footprint_source": "ms", "ext": {"arch": "office", "facade": "brick_admin", "ground": "brick_admin", "roof": "hip", "pitch": 22, "height": 3.2, "floor_h": 3.2, "stories": 1, "trim": "#ece6da"}, "arch": "office", "lat": 34.62226, "lng": -89.971521, "ext_summary": "Cottage north of Thompson St (1)"}}, {"type": "Feature", "geometry": {"type": "Polygon", "coordinates": [[[-89.97117, 34.622213], [-89.97134, 34.622212], [-89.971341, 34.6223], [-89.971171, 34.622301], [-89.97117, 34.622213]]]}, "properties": {"id": "x-cottage-2", "key": "x-cottage-2", "number": null, "label": "", "name": "Cottage north of Thompson St (2)", "parent_name": null, "parent_id": null, "category": "support", "notes": "", "unnumbered": true, "approx": true, "position_source": "unnumbered building (building fixes 2026-10-09)", "height": 3.2, "height_ft": 10.5, "stories_approx": 1.0, "geom_source": "footprint", "footprint_id": "ms-142", "footprint_source": "ms", "ext": {"arch": "office", "facade": "brick_admin", "ground": "brick_admin", "roof": "hip", "pitch": 22, "height": 3.2, "floor_h": 3.2, "stories": 1, "trim": "#ece6da"}, "arch": "office", "lat": 34.622257, "lng": -89.971256, "ext_summary": "Cottage north of Thompson St (2)"}}, {"type": "Feature", "geometry": {"type": "Polygon", "coordinates": [[[-89.971073, 34.622219], [-89.97107, 34.622305], [-89.970895, 34.622301], [-89.970898, 34.622215], [-89.971073, 34.622219]]]}, "properties": {"id": "x-cottage-3", "key": "x-cottage-3", "number": null, "label": "", "name": "Cottage north of Thompson St (3)", "parent_name": null, "parent_id": null, "category": "support", "notes": "", "unnumbered": true, "approx": true, "position_source": "unnumbered building (building fixes 2026-10-09)", "height": 3.2, "height_ft": 10.5, "stories_approx": 1.0, "geom_source": "footprint", "footprint_id": "ms-252", "footprint_source": "ms", "ext": {"arch": "office", "facade": "brick_admin", "ground": "brick_admin", "roof": "hip", "pitch": 22, "height": 3.2, "floor_h": 3.2, "stories": 1, "trim": "#ece6da"}, "arch": "office", "lat": 34.62226, "lng": -89.970984, "ext_summary": "Cottage north of Thompson St (3)"}}]}