{"type":"FeatureCollection","features":[{"type":"Feature","properties":{"l":"land"},"geometry":{"type":"Polygon","coordinates":[[[-90.03,34.585],[-90.03,34.665],[-89.925,34.665],[-89.925,34.585],[-90.03,34.585]],[[-89.96862,34.61947],[-89.96862,34.61953],[-89.96861,34.62014],[-89.96861,34.62142],[-89.96861,34.62216],[-89.96861,34.62291],[-89.96861,34.62306],[-89.96861,34.62399],[-89.96861,34.62464],[-89.96861,34.6251],[-89.96861,34.6253],[-89.96861,34.62537],[-89.96863,34.62666],[-89.96863,34.62721],[-89.96863,34.62741],[-89.96863,34.62775],[-89.96928,34.62776],[-89.96939,34.62776],[-89.96961,34.62777],[-89.96965,34.62777],[-89.96983,34.62777],[-89.97005,34.62778],[-89.97037,34.62779],[-89.97082,34.6278],[-89.9712,34.62781],[-89.97198,34.62783],[-89.9726,34.62784],[-89.97296,34.62784],[-89.97313,34.62784],[-89.9735,34.62784],[-89.97399,34.62785],[-89.97464,34.62787],[-89.97671,34.62792],[-89.97877,34.62796],[-89.98002,34.62799],[-89.98002,34.61947],[-89.96862,34.61947]]]}},{"type":"Feature","properties":{"l":"road","c":"service"},"geometry":{"type":"LineString","coordinates":[[-90.02524,34.61918],[-90.02529,34.61939],[-90.02529,34.61964],[-90.02511,34.62032],[-90.02493,34.62063],[-90.02444,34.62117],[-90.02426,34.62144]]}},{"type":"Feature","properties":{"l":"road","c":"service"},"geometry":{"type":"LineString","coordinates":[[-90.0239,34.64118],[-90.02391,34.64153],[-90.02382,34.64178],[-90.02331,34.64255],[-90.02328,34.64267],[-90.02327,34.64303],[-90.02318,34.64325],[-90.02294,34.64335],[-90.02253,34.64347],[-90.02248,34.64354],[-90.02242,34.64399]]}},{"type":"Feature","properties":{"l":"road","c":"service"},"geometry":{"type":"LineString","coordinates":[[-90.02158,34.6131],[-90.02079,34.6131],[-90.02066,34.61306]]}},{"type":"Feature","properties":{"l":"road","c":"service"},"geometry":{"type":"LineString","coordinates":[[-90.02157,34.61273],[-90.02123,34.61268],[-90.02028,34.61231],[-90.02009,34.61228],[-90.01961,34.61231],[-90.01941,34.61229],[-90.01915,34.61222],[-90.01867,34.61203],[-90.01864,34.61206],[-90.01824,34.61216],[-90.01756,34.6124],[-90.01347,34.61307]]}},{"type":"Feature","properties":{"l":"road","c":"service"},"geometry":{"type":"LineString","coordinates":[[-90.01076,34.62326],[-90.01079,34.62465],[-90.01086,34.62521],[-90.01083,34.62554],[-90.01084,34.62634],[-90.01088,34.62646],[-90.0111,34.62649],[-90.01121,34.62654],[-90.01183,34.62806],[-90.01194,34.6282],[-90.01331,34.62886],[-90.01377,34.62939]]}},{"type":"Feature","properties":{"l":"road","c":"service"},"geometry":{"type":"LineString","coordinates":[[-90.01121,34.61916],[-90.0112,34.61928],[-90.011,34.62001],[-90.01092,34.6206],[-90.01082,34.62077],[-90.0109,34.62083],[-90.01108,34.62081],[-90.01119,34.62083],[-90.01158,34.62111],[-90.01162,34.62123],[-90.01159,34.62132],[-90.01118,34.62179],[-90.01107,34.62197],[-90.01078,34.62287],[-90.01076,34.62326]]}},{"type":"Feature","properties":{"l":"road","c":"service"},"geometry":{"type":"LineString","coordinates":[[-90.01076,34.62326],[-90.01018,34.62315],[-90.00996,34.62307],[-90.00979,34.62289],[-90.00974,34.62275],[-90.00972,34.62117],[-90.00982,34.61919]]}},{"type":"Feature","properties":{"l":"road","c":"service"},"geometry":{"type":"LineString","coordinates":[[-90.004,34.585],[-90.00405,34.58511],[-90.00405,34.58553],[-90.00459,34.58613],[-90.00483,34.58633],[-90.00601,34.58672],[-90.00687,34.58742],[-90.00732,34.58775],[-90.00776,34.58818],[-90.00787,34.58852],[-90.00798,34.5887],[-90.00818,34.58882],[-90.00858,34.58884],[-90.00898,34.58877]]}},{"type":"Feature","properties":{"l":"road","c":"service"},"geometry":{"type":"LineString","coordinates":[[-90.00392,34.60399],[-90.00595,34.60397],[-90.00631,34.60413],[-90.00665,34.60442],[-90.0072,34.60454],[-90.00778,34.6049]]}},{"type":"Feature","properties":{"l":"road","c":"service"},"geometry":{"type":"LineString","coordinates":[[-90.00409,34.63486],[-90.00584,34.63486],[-90.00591,34.63473],[-90.00589,34.63397]]}},{"type":"Feature","properties":{"l":"road","c":"service"},"geometry":{"type":"LineString","coordinates":[[-90.00429,34.65476],[-90.00407,34.65477],[-90.00341,34.65469],[-90.0032,34.65459],[-90.00299,34.65459],[-90.00242,34.65471],[-90.00207,34.65473],[-90.00193,34.65478],[-90.00186,34.65511],[-90.0017,34.65534],[-90.00144,34.65543],[-90.00078,34.65554],[-90.00049,34.65552],[-90.00039,34.65547],[-90.00024,34.65533],[-90.00019,34.65523],[-90.00019,34.65513]]}},{"type":"Feature","properties":{"l":"road","c":"service"},"geometry":{"type":"LineString","coordinates":[[-90.00426,34.65057],[-90.00389,34.65059],[-90.00319,34.65057],[-90.00235,34.65062],[-90.00218,34.65069],[-90.00164,34.6511],[-90.00152,34.65126],[-90.00137,34.65163],[-90.00131,34.65168],[-90.00096,34.65188],[-90.00069,34.65198]]}},{"type":"Feature","properties":{"l":"road","c":"service"},"geometry":{"type":"LineString","coordinates":[[-90.00423,34.6478],[-90.00285,34.64782],[-90.00254,34.64774],[-90.0019,34.64771],[-90.00162,34.64764]]}},{"type":"Feature","properties":{"l":"road","c":"service"},"geometry":{"type":"LineString","coordinates":[[-90.0039,34.61596],[-90.00365,34.61593],[-90.00326,34.61577],[-90.0031,34.61578],[-90.00281,34.61589],[-90.00126,34.61588],[-90.00077,34.61594]]}},{"type":"Feature","properties":{"l":"road","c":"service"},"geometry":{"type":"LineString","coordinates":[[-90.00195,34.60925],[-90.00205,34.60849],[-90.00202,34.60837],[-90.00195,34.6083],[-90.00118,34.60822],[-90.00101,34.60833],[-90.00082,34.60861],[-90.00066,34.60922]]}},{"type":"Feature","properties":{"l":"road","c":"service"},"geometry":{"type":"LineString","coordinates":[[-89.99818,34.62241],[-89.99815,34.62442],[-89.99819,34.62451],[-89.99827,34.62457],[-89.99853,34.6246]]}},{"type":"Feature","properties":{"l":"road","c":"service"},"geometry":{"type":"LineString","coordinates":[[-89.99208,34.61436],[-89.99262,34.61432]]}},{"type":"Feature","properties":{"l":"road","c":"service"},"geometry":{"type":"LineString","coordinates":[[-89.99262,34.61432],[-89.99264,34.61561],[-89.99209,34.61565]]}},{"type":"Feature","properties":{"l":"road","c":"service"},"geometry":{"type":"LineString","coordinates":[[-89.99259,34.61342],[-89.99262,34.61432]]}},{"type":"Feature","properties":{"l":"road","c":"service"},"geometry":{"type":"LineString","coordinates":[[-89.9916,34.64083],[-89.99155,34.64064],[-89.99164,34.63965],[-89.99181,34.63781],[-89.99191,34.63727],[-89.99204,34.63696],[-89.99234,34.63672],[-89.99241,34.63659]]}},{"type":"Feature","properties":{"l":"road","c":"service"},"geometry":{"type":"LineString","coordinates":[[-89.99091,34.61453],[-89.99177,34.6145],[-89.99187,34.6144],[-89.99208,34.61436]]}},{"type":"Feature","properties":{"l":"road","c":"service"},"geometry":{"type":"LineString","coordinates":[[-89.99208,34.61436],[-89.99206,34.61375],[-89.9909,34.61378],[-89.99091,34.61453]]}},{"type":"Feature","properties":{"l":"road","c":"service"},"geometry":{"type":"LineString","coordinates":[[-89.99204,34.64781],[-89.99008,34.64764],[-89.98989,34.64757],[-89.98985,34.6475],[-89.98997,34.64685]]}},{"type":"Feature","properties":{"l":"road","c":"service"},"geometry":{"type":"LineString","coordinates":[[-89.99012,34.61455],[-89.99091,34.61453]]}},{"type":"Feature","properties":{"l":"road","c":"service"},"geometry":{"type":"LineString","coordinates":[[-89.98797,34.585],[-89.98827,34.58525],[-89.98834,34.58539],[-89.98831,34.58632],[-89.98833,34.58728],[-89.9884,34.58733],[-89.98858,34.58732],[-89.98887,34.58729],[-89.98911,34.58721]]}},{"type":"Feature","properties":{"l":"road","c":"service"},"geometry":{"type":"LineString","coordinates":[[-89.98622,34.60018],[-89.98677,34.60005],[-89.98711,34.60005],[-89.98746,34.60012],[-89.98805,34.60033],[-89.9883,34.60035],[-89.9886,34.60027],[-89.98897,34.60013],[-89.98933,34.59993],[-89.98955,34.59976],[-89.98962,34.5995],[-89.98966,34.59916],[-89.98981,34.59894],[-89.9899,34.59865],[-89.98987,34.59789],[-89.98978,34.59752],[-89.98942,34.59692],[-89.98937,34.59673],[-89.98934,34.59612],[-89.98927,34.59601],[-89.98909,34.59595],[-89.98864,34.59589],[-89.98834,34.59589],[-89.988,34.59591],[-89.98764,34.59601],[-89.98739,34.59636],[-89.987,34.59708],[-89.98688,34.59719],[-89.9865,34.5972],[-89.98616,34.59725]]}},{"type":"Feature","properties":{"l":"road","c":"service"},"geometry":{"type":"LineString","coordinates":[[-89.97911,34.59967],[-89.97945,34.59994],[-89.97993,34.59998]]}},{"type":"Feature","properties":{"l":"road","c":"service"},"geometry":{"type":"LineString","coordinates":[[-89.97582,34.59015],[-89.97566,34.59014],[-89.97552,34.59006],[-89.97508,34.5894],[-89.97493,34.58927],[-89.97477,34.58925],[-89.97365,34.58955],[-89.97216,34.58953],[-89.97133,34.58955],[-89.9691,34.58951],[-89.96851,34.5896]]}},{"type":"Feature","properties":{"l":"road","c":"service"},"geometry":{"type":"LineString","coordinates":[[-89.97401,34.61595],[-89.9742,34.61595],[-89.97429,34.61586],[-89.97433,34.61574],[-89.97432,34.61523],[-89.97424,34.61508],[-89.97422,34.61409],[-89.97428,34.61391],[-89.97428,34.61375],[-89.97419,34.61364],[-89.97409,34.61361]]}},{"type":"Feature","properties":{"l":"road","c":"service"},"geometry":{"type":"LineString","coordinates":[[-89.9728,34.60421],[-89.97292,34.60431],[-89.97297,34.60442],[-89.97297,34.60463],[-89.97294,34.60472],[-89.97243,34.60518],[-89.97236,34.60519],[-89.97225,34.60519],[-89.97219,34.60515],[-89.97149,34.60457],[-89.97119,34.60455]]}},{"type":"Feature","properties":{"l":"road","c":"service"},"geometry":{"type":"LineString","coordinates":[[-89.97224,34.6329],[-89.97188,34.63291],[-89.97134,34.63284],[-89.97106,34.63302],[-89.97041,34.63315],[-89.9701,34.63289],[-89.97002,34.63277]]}},{"type":"Feature","properties":{"l":"road","c":"service"},"geometry":{"type":"LineString","coordinates":[[-89.97121,34.62879],[-89.9712,34.62973]]}},{"type":"Feature","properties":{"l":"road","c":"service"},"geometry":{"type":"LineString","coordinates":[[-89.9712,34.62785],[-89.97121,34.62879]]}},{"type":"Feature","properties":{"l":"road","c":"service"},"geometry":{"type":"LineString","coordinates":[[-89.97121,34.62879],[-89.96977,34.62878],[-89.96942,34.62881],[-89.96857,34.6288]]}},{"type":"Feature","properties":{"l":"road","c":"service"},"geometry":{"type":"LineString","coordinates":[[-89.9686,34.62972],[-89.9712,34.62973]]}},{"type":"Feature","properties":{"l":"road","c":"service"},"geometry":{"type":"LineString","coordinates":[[-89.9712,34.62973],[-89.97133,34.62988],[-89.97133,34.63006],[-89.9713,34.63015],[-89.97117,34.63031],[-89.97116,34.63053]]}},{"type":"Feature","properties":{"l":"road","c":"service"},"geometry":{"type":"LineString","coordinates":[[-89.97044,34.60457],[-89.97119,34.60455]]}},{"type":"Feature","properties":{"l":"road","c":"service"},"geometry":{"type":"LineString","coordinates":[[-89.97119,34.60455],[-89.97108,34.60325],[-89.97097,34.60321],[-89.97074,34.60322],[-89.97045,34.60338],[-89.96978,34.60339]]}},{"type":"Feature","properties":{"l":"road","c":"service"},"geometry":{"type":"LineString","coordinates":[[-89.97119,34.63128],[-89.96896,34.63131],[-89.96857,34.63128]]}},{"type":"Feature","properties":{"l":"road","c":"service"},"geometry":{"type":"LineString","coordinates":[[-89.97116,34.63053],[-89.97232,34.63055],[-89.97237,34.63057],[-89.97241,34.63066],[-89.97241,34.63126],[-89.97228,34.63128],[-89.97119,34.63128]]}},{"type":"Feature","properties":{"l":"road","c":"service"},"geometry":{"type":"LineString","coordinates":[[-89.97119,34.63128],[-89.97117,34.63088]]}},{"type":"Feature","properties":{"l":"road","c":"service"},"geometry":{"type":"LineString","coordinates":[[-89.97117,34.63088],[-89.96857,34.6309]]}},{"type":"Feature","properties":{"l":"road","c":"service"},"geometry":{"type":"LineString","coordinates":[[-89.97116,34.63053],[-89.97117,34.63088]]}},{"type":"Feature","properties":{"l":"road","c":"service"},"geometry":{"type":"LineString","coordinates":[[-89.97107,34.59208],[-89.97049,34.59208],[-89.97015,34.59199],[-89.96995,34.59188],[-89.96935,34.59141],[-89.96883,34.59087],[-89.96851,34.59078]]}},{"type":"Feature","properties":{"l":"road","c":"service"},"geometry":{"type":"LineString","coordinates":[[-89.97002,34.63277],[-89.97037,34.63268],[-89.97057,34.63257],[-89.97061,34.63251],[-89.97061,34.63207],[-89.97052,34.63203],[-89.97004,34.63202],[-89.96995,34.63203],[-89.96991,34.63207],[-89.96991,34.63269],[-89.97002,34.63277]]}},{"type":"Feature","properties":{"l":"road","c":"service"},"geometry":{"type":"LineString","coordinates":[[-89.96933,34.63404],[-89.96948,34.63405]]}},{"type":"Feature","properties":{"l":"road","c":"service"},"geometry":{"type":"LineString","coordinates":[[-89.96948,34.63405],[-89.97185,34.63402],[-89.97185,34.63386],[-89.96948,34.63389],[-89.96948,34.63405]]}},{"type":"Feature","properties":{"l":"road","c":"service"},"geometry":{"type":"LineString","coordinates":[[-89.96851,34.59168],[-89.96767,34.59159],[-89.96494,34.59159]]}},{"type":"Feature","properties":{"l":"road","c":"service"},"geometry":{"type":"LineString","coordinates":[[-89.96445,34.62802],[-89.96446,34.62823],[-89.96591,34.62822],[-89.96604,34.62826],[-89.96615,34.62837],[-89.96634,34.62898],[-89.96674,34.63047],[-89.96654,34.63125],[-89.96633,34.63162],[-89.96622,34.63224],[-89.96607,34.63234]]}},{"type":"Feature","properties":{"l":"road","c":"service"},"geometry":{"type":"LineString","coordinates":[[-89.96495,34.61379],[-89.96477,34.61378],[-89.96476,34.61413],[-89.96375,34.61413]]}},{"type":"Feature","properties":{"l":"road","c":"service"},"geometry":{"type":"LineString","coordinates":[[-89.96432,34.66113],[-89.96432,34.66143],[-89.96425,34.66147],[-89.96409,34.66142],[-89.96407,34.66135],[-89.96432,34.66113]]}},{"type":"Feature","properties":{"l":"road","c":"service"},"geometry":{"type":"LineString","coordinates":[[-89.96402,34.65948],[-89.96402,34.65956],[-89.96426,34.66016],[-89.9643,34.66039],[-89.96432,34.66113]]}},{"type":"Feature","properties":{"l":"road","c":"service"},"geometry":{"type":"LineString","coordinates":[[-89.96375,34.61413],[-89.96326,34.61413],[-89.96325,34.61378],[-89.96374,34.61377],[-89.96375,34.61413]]}},{"type":"Feature","properties":{"l":"road","c":"service"},"geometry":{"type":"LineString","coordinates":[[-89.96317,34.63111],[-89.96316,34.62803]]}},{"type":"Feature","properties":{"l":"road","c":"service"},"geometry":{"type":"LineString","coordinates":[[-89.95583,34.60299],[-89.95582,34.60264],[-89.95586,34.6026],[-89.95844,34.60256]]}},{"type":"Feature","properties":{"l":"road","c":"service"},"geometry":{"type":"LineString","coordinates":[[-89.95799,34.59761],[-89.958,34.59687],[-89.95793,34.59653],[-89.9579,34.59548],[-89.95794,34.59376]]}},{"type":"Feature","properties":{"l":"road","c":"service"},"geometry":{"type":"LineString","coordinates":[[-89.95794,34.59376],[-89.95759,34.59197],[-89.9575,34.59186],[-89.9574,34.5918],[-89.9572,34.59178],[-89.95567,34.59178]]}},{"type":"Feature","properties":{"l":"road","c":"service"},"geometry":{"type":"LineString","coordinates":[[-89.95794,34.59376],[-89.95665,34.59372],[-89.95649,34.59378],[-89.95644,34.59387],[-89.95643,34.594],[-89.95643,34.59539]]}},{"type":"Feature","properties":{"l":"road","c":"service"},"geometry":{"type":"LineString","coordinates":[[-89.95547,34.5901],[-89.95708,34.58997],[-89.95712,34.58981],[-89.95705,34.58947],[-89.9554,34.58963]]}},{"type":"Feature","properties":{"l":"road","c":"service"},"geometry":{"type":"LineString","coordinates":[[-89.95534,34.60843],[-89.95102,34.60836],[-89.95054,34.6083],[-89.94978,34.60809],[-89.94958,34.60801]]}},{"type":"Feature","properties":{"l":"road","c":"service"},"geometry":{"type":"LineString","coordinates":[[-89.95533,34.60904],[-89.95312,34.60912],[-89.95219,34.6092]]}},{"type":"Feature","properties":{"l":"road","c":"service"},"geometry":{"type":"LineString","coordinates":[[-89.95533,34.61275],[-89.9536,34.61275],[-89.9532,34.61288],[-89.95311,34.61295],[-89.95314,34.61344],[-89.95325,34.61351],[-89.95359,34.61351],[-89.95367,34.61357],[-89.95368,34.61382],[-89.95408,34.61411],[-89.95423,34.61409],[-89.95453,34.61385],[-89.9547,34.61389],[-89.95491,34.61401],[-89.95522,34.61426],[-89.95533,34.61427]]}},{"type":"Feature","properties":{"l":"road","c":"service"},"geometry":{"type":"LineString","coordinates":[[-89.95375,34.59762],[-89.95376,34.59791],[-89.95459,34.59793],[-89.95471,34.59797],[-89.95493,34.59824],[-89.955,34.59846],[-89.95498,34.59974]]}},{"type":"Feature","properties":{"l":"road","c":"service"},"geometry":{"type":"LineString","coordinates":[[-89.95397,34.62443],[-89.95422,34.62442]]}},{"type":"Feature","properties":{"l":"road","c":"service"},"geometry":{"type":"LineString","coordinates":[[-89.95422,34.62442],[-89.95423,34.62411],[-89.95519,34.62408],[-89.9552,34.62439],[-89.9549,34.6244],[-89.95435,34.62449],[-89.95422,34.62442]]}},{"type":"Feature","properties":{"l":"road","c":"service"},"geometry":{"type":"LineString","coordinates":[[-89.9539,34.62134],[-89.95286,34.62133],[-89.95266,34.62119],[-89.95265,34.62092],[-89.95274,34.62074],[-89.95368,34.62063]]}},{"type":"Feature","properties":{"l":"road","c":"service"},"geometry":{"type":"LineString","coordinates":[[-89.95292,34.60103],[-89.95292,34.60029],[-89.95289,34.59971],[-89.95283,34.59956],[-89.95265,34.59948],[-89.95226,34.59951],[-89.95214,34.59949],[-89.95205,34.59944],[-89.95197,34.59921],[-89.95199,34.59911]]}},{"type":"Feature","properties":{"l":"road","c":"service"},"geometry":{"type":"LineString","coordinates":[[-89.95088,34.585],[-89.95084,34.58631],[-89.9508,34.58648],[-89.95067,34.58661],[-89.95042,34.58664],[-89.94994,34.58587],[-89.9497,34.58538]]}},{"type":"Feature","properties":{"l":"road","c":"service"},"geometry":{"type":"LineString","coordinates":[[-89.95036,34.60114],[-89.95061,34.60121],[-89.9509,34.60123]]}},{"type":"Feature","properties":{"l":"road","c":"service"},"geometry":{"type":"LineString","coordinates":[[-89.94875,34.60345],[-89.94842,34.60307],[-89.94835,34.60296],[-89.94828,34.60272],[-89.9483,34.60228],[-89.94837,34.60205],[-89.94845,34.60191],[-89.94891,34.60152],[-89.94928,34.60131],[-89.94961,34.60125],[-89.95016,34.60124],[-89.95036,34.60114]]}},{"type":"Feature","properties":{"l":"road","c":"service"},"geometry":{"type":"LineString","coordinates":[[-89.95036,34.60114],[-89.9503,34.60092],[-89.95021,34.59797],[-89.95018,34.59781]]}},{"type":"Feature","properties":{"l":"road","c":"service"},"geometry":{"type":"LineString","coordinates":[[-89.943,34.66227],[-89.94225,34.66231],[-89.94203,34.66246],[-89.94113,34.66249],[-89.93947,34.66268]]}},{"type":"Feature","properties":{"l":"road","c":"service"},"geometry":{"type":"LineString","coordinates":[[-89.94274,34.6581],[-89.94243,34.65804],[-89.94206,34.6578],[-89.94073,34.65767],[-89.94057,34.65774],[-89.94006,34.65766],[-89.93934,34.65712],[-89.93909,34.65684],[-89.93909,34.65654],[-89.93901,34.65612],[-89.93907,34.6559],[-89.93918,34.65576],[-89.93922,34.65556]]}},{"type":"Feature","properties":{"l":"road","c":"service"},"geometry":{"type":"LineString","coordinates":[[-89.93922,34.65556],[-89.9393,34.65546],[-89.93942,34.65538],[-89.93962,34.65531],[-89.93987,34.65528],[-89.94,34.65531],[-89.94053,34.65556],[-89.94063,34.65558],[-89.94072,34.65556],[-89.94127,34.65534],[-89.94134,34.65529],[-89.94147,34.65496],[-89.94153,34.65489],[-89.94184,34.6548]]}},{"type":"Feature","properties":{"l":"road","c":"service"},"geometry":{"type":"LineString","coordinates":[[-89.94123,34.65316],[-89.94111,34.65319],[-89.94088,34.65313],[-89.94024,34.65258],[-89.94011,34.6525],[-89.94,34.65247],[-89.93989,34.65248],[-89.93976,34.65253],[-89.93883,34.65369],[-89.93866,34.65383],[-89.93849,34.65388],[-89.93846,34.65395],[-89.93859,34.6541],[-89.93862,34.65419],[-89.93856,34.65434],[-89.93829,34.65478],[-89.93811,34.65493],[-89.93797,34.65496],[-89.93809,34.65513],[-89.93853,34.65537],[-89.93922,34.65556]]}},{"type":"Feature","properties":{"l":"road","c":"service"},"geometry":{"type":"LineString","coordinates":[[-89.9372,34.66436],[-89.93719,34.66452],[-89.93729,34.665]]}},{"type":"Feature","properties":{"l":"road","c":"service"},"geometry":{"type":"LineString","coordinates":[[-89.92852,34.665],[-89.92866,34.66468],[-89.92868,34.66444]]}},{"type":"Feature","properties":{"l":"road","c":"link"},"geometry":{"type":"LineString","coordinates":[[-89.96852,34.58595],[-89.9683,34.58626],[-89.96795,34.58655]]}},{"type":"Feature","properties":{"l":"road","c":"link"},"geometry":{"type":"LineString","coordinates":[[-89.96764,34.58801],[-89.96804,34.58809],[-89.96824,34.5882],[-89.96835,34.58833],[-89.96852,34.58886]]}},{"type":"Feature","properties":{"l":"road","c":"link"},"geometry":{"type":"LineString","coordinates":[[-89.96478,34.62802],[-89.96443,34.62773]]}},{"type":"Feature","properties":{"l":"road","c":"link"},"geometry":{"type":"LineString","coordinates":[[-89.96443,34.62776],[-89.96433,34.6279],[-89.9641,34.62802]]}},{"type":"Feature","properties":{"l":"road","c":"link"},"geometry":{"type":"LineString","coordinates":[[-89.95571,34.58758],[-89.9554,34.58751],[-89.95525,34.58744],[-89.95516,34.58736],[-89.95504,34.5872],[-89.95486,34.58746],[-89.95472,34.58755],[-89.95451,34.58762]]}},{"type":"Feature","properties":{"l":"road","c":"link"},"geometry":{"type":"LineString","coordinates":[[-89.95467,34.58796],[-89.95496,34.58807],[-89.95513,34.58822],[-89.95522,34.58835],[-89.95538,34.58807],[-89.95568,34.58793]]}},{"type":"Feature","properties":{"l":"road","c":"link"},"geometry":{"type":"LineString","coordinates":[[-89.95208,34.62278],[-89.95195,34.62168],[-89.95196,34.61934],[-89.95143,34.61827],[-89.95102,34.61763],[-89.95039,34.61638]]}},{"type":"Feature","properties":{"l":"road","c":"link"},"geometry":{"type":"LineString","coordinates":[[-89.95001,34.61608],[-89.95009,34.61671],[-89.95011,34.61716],[-89.95001,34.61887],[-89.95005,34.619],[-89.95162,34.62215]]}},{"type":"Feature","properties":{"l":"road","c":"link"},"geometry":{"type":"LineString","coordinates":[[-89.94903,34.58855],[-89.94925,34.58835],[-89.9495,34.58823],[-89.9499,34.58811]]}},{"type":"Feature","properties":{"l":"road","c":"link"},"geometry":{"type":"LineString","coordinates":[[-89.94983,34.58777],[-89.94943,34.58767],[-89.94896,34.58739]]}},{"type":"Feature","properties":{"l":"road","c":"link"},"geometry":{"type":"LineString","coordinates":[[-89.94751,34.59306],[-89.94751,34.59174],[-89.94764,34.59074],[-89.94797,34.58996],[-89.94903,34.58855]]}},{"type":"Feature","properties":{"l":"road","c":"link"},"geometry":{"type":"LineString","coordinates":[[-89.94903,34.58855],[-89.94914,34.58814],[-89.94911,34.5878],[-89.94896,34.58739]]}},{"type":"Feature","properties":{"l":"road","c":"link"},"geometry":{"type":"LineString","coordinates":[[-89.94896,34.58739],[-89.94791,34.58604],[-89.94755,34.5854],[-89.9474,34.585]]}},{"type":"Feature","properties":{"l":"road","c":"link"},"geometry":{"type":"LineString","coordinates":[[-89.94542,34.58869],[-89.94641,34.58999],[-89.94659,34.59029],[-89.94683,34.59082],[-89.947,34.59151],[-89.94706,34.59202]]}},{"type":"Feature","properties":{"l":"road","c":"link"},"geometry":{"type":"LineString","coordinates":[[-89.94676,34.585],[-89.94659,34.58568],[-89.9464,34.58611],[-89.94602,34.58671],[-89.94531,34.58749]]}},{"type":"Feature","properties":{"l":"road","c":"link"},"geometry":{"type":"LineString","coordinates":[[-89.94531,34.58749],[-89.94521,34.58792],[-89.94523,34.58826],[-89.94529,34.58849],[-89.94542,34.58869]]}},{"type":"Feature","properties":{"l":"road","c":"link"},"geometry":{"type":"LineString","coordinates":[[-89.94445,34.58828],[-89.94495,34.5884],[-89.94542,34.58869]]}},{"type":"Feature","properties":{"l":"road","c":"link"},"geometry":{"type":"LineString","coordinates":[[-89.94531,34.58749],[-89.945,34.58775],[-89.94451,34.58793]]}},{"type":"Feature","properties":{"l":"road","c":"minor","n":"Keystone Drive"},"geometry":{"type":"LineString","coordinates":[[-89.98486,34.61169],[-89.98489,34.61157],[-89.98492,34.61023],[-89.98491,34.60842],[-89.98486,34.60827],[-89.98472,34.60804],[-89.98447,34.60778],[-89.98441,34.60764]]}},{"type":"Feature","properties":{"l":"road","c":"minor","n":"Lanelle Cove"},"geometry":{"type":"LineString","coordinates":[[-89.98856,34.61845],[-89.98858,34.61834],[-89.98852,34.61658]]}},{"type":"Feature","properties":{"l":"road","c":"minor","n":"Oakwood Drive"},"geometry":{"type":"LineString","coordinates":[[-89.979,34.64045],[-89.97896,34.64031],[-89.97867,34.63979],[-89.97862,34.63958],[-89.97867,34.63804],[-89.97864,34.63688]]}},{"type":"Feature","properties":{"l":"road","c":"minor","n":"Line Street"},"geometry":{"type":"LineString","coordinates":[[-89.97739,34.61693],[-89.97749,34.61919]]}},{"type":"Feature","properties":{"l":"road","c":"minor","n":"Line Street"},"geometry":{"type":"LineString","coordinates":[[-89.97726,34.61539],[-89.97729,34.61545],[-89.97726,34.61693]]}},{"type":"Feature","properties":{"l":"road","c":"minor"},"geometry":{"type":"LineString","coordinates":[[-90.03,34.59382],[-90.03,34.59689]]}},{"type":"Feature","properties":{"l":"road","c":"minor"},"geometry":{"type":"LineString","coordinates":[[-90.01902,34.61917],[-90.019,34.61976],[-90.01868,34.61979],[-90.01817,34.61971],[-90.01789,34.61975],[-90.01763,34.61983],[-90.01728,34.62005],[-90.0171,34.62023],[-90.017,34.62056],[-90.01693,34.62063],[-90.01675,34.62073],[-90.01622,34.62077]]}},{"type":"Feature","properties":{"l":"road","c":"minor"},"geometry":{"type":"LineString","coordinates":[[-90.01622,34.62077],[-90.01555,34.62238],[-90.01565,34.62622],[-90.01568,34.62632],[-90.01582,34.62639],[-90.01653,34.62632],[-90.01755,34.62634],[-90.01771,34.62637],[-90.01788,34.62664],[-90.01808,34.62667],[-90.01849,34.62667]]}},{"type":"Feature","properties":{"l":"road","c":"minor"},"geometry":{"type":"LineString","coordinates":[[-90.01622,34.62077],[-90.01596,34.62069],[-90.01582,34.62056],[-90.01586,34.61917]]}},{"type":"Feature","properties":{"l":"road","c":"minor"},"geometry":{"type":"LineString","coordinates":[[-90.0083,34.61251],[-90.00877,34.61226],[-90.00945,34.61229]]}},{"type":"Feature","properties":{"l":"road","c":"minor"},"geometry":{"type":"LineString","coordinates":[[-90.00856,34.61413],[-90.00796,34.61412],[-90.00778,34.61402],[-90.00705,34.61297]]}},{"type":"Feature","properties":{"l":"road","c":"minor"},"geometry":{"type":"LineString","coordinates":[[-90.00593,34.61351],[-90.00705,34.61297]]}},{"type":"Feature","properties":{"l":"road","c":"minor"},"geometry":{"type":"LineString","coordinates":[[-90.00705,34.61297],[-90.00656,34.61226],[-90.0061,34.61116]]}},{"type":"Feature","properties":{"l":"road","c":"minor"},"geometry":{"type":"LineString","coordinates":[[-90.00608,34.61],[-90.00617,34.60942]]}},{"type":"Feature","properties":{"l":"road","c":"minor"},"geometry":{"type":"LineString","coordinates":[[-90.00527,34.61543],[-90.00527,34.61504]]}},{"type":"Feature","properties":{"l":"road","c":"minor"},"geometry":{"type":"LineString","coordinates":[[-90.00403,34.60022],[-90.00304,34.60012],[-90.0025,34.60031],[-90.00192,34.60023],[-90.00167,34.60028],[-90.00084,34.60026]]}},{"type":"Feature","properties":{"l":"road","c":"minor"},"geometry":{"type":"LineString","coordinates":[[-89.99918,34.60385],[-89.99918,34.60448],[-90.00009,34.60453],[-90.00392,34.60462]]}},{"type":"Feature","properties":{"l":"road","c":"minor"},"geometry":{"type":"LineString","coordinates":[[-90.0039,34.58703],[-90.00278,34.58695],[-90.00229,34.58701],[-90.00151,34.58695],[-90.00127,34.58714],[-90.00128,34.58777]]}},{"type":"Feature","properties":{"l":"road","c":"minor"},"geometry":{"type":"LineString","coordinates":[[-90.00357,34.62642],[-90.00295,34.62637],[-90.00225,34.62641],[-90.00193,34.62648],[-90.00171,34.62666],[-90.00146,34.62693]]}},{"type":"Feature","properties":{"l":"road","c":"minor"},"geometry":{"type":"LineString","coordinates":[[-89.99925,34.64088],[-89.99936,34.64138],[-89.99942,34.64224],[-89.99953,34.6423],[-89.99973,34.6423]]}},{"type":"Feature","properties":{"l":"road","c":"minor"},"geometry":{"type":"LineString","coordinates":[[-89.99424,34.61036],[-89.99441,34.61054],[-89.99449,34.61053],[-89.9946,34.61036],[-89.99457,34.61029],[-89.99449,34.61028],[-89.99436,34.6103],[-89.99424,34.61036]]}},{"type":"Feature","properties":{"l":"road","c":"minor"},"geometry":{"type":"LineString","coordinates":[[-89.99385,34.61031],[-89.99415,34.61032],[-89.99424,34.61036]]}},{"type":"Feature","properties":{"l":"road","c":"minor"},"geometry":{"type":"LineString","coordinates":[[-89.99124,34.6451],[-89.99139,34.64327]]}},{"type":"Feature","properties":{"l":"road","c":"minor"},"geometry":{"type":"LineString","coordinates":[[-89.99006,34.61986],[-89.99021,34.61989],[-89.99063,34.61987]]}},{"type":"Feature","properties":{"l":"road","c":"minor"},"geometry":{"type":"LineString","coordinates":[[-89.98753,34.64652],[-89.98747,34.6461],[-89.98738,34.64574]]}},{"type":"Feature","properties":{"l":"road","c":"minor"},"geometry":{"type":"LineString","coordinates":[[-89.98649,34.585],[-89.98675,34.58546]]}},{"type":"Feature","properties":{"l":"road","c":"minor"},"geometry":{"type":"LineString","coordinates":[[-89.98626,34.60109],[-89.98482,34.60113]]}},{"type":"Feature","properties":{"l":"road","c":"minor"},"geometry":{"type":"LineString","coordinates":[[-89.98616,34.59504],[-89.98616,34.59725],[-89.98611,34.5975],[-89.97978,34.59751],[-89.9791,34.59756],[-89.9782,34.59769],[-89.97756,34.59772],[-89.97352,34.59771]]}},{"type":"Feature","properties":{"l":"road","c":"minor"},"geometry":{"type":"LineString","coordinates":[[-89.98292,34.6032],[-89.98257,34.60338],[-89.98226,34.6037],[-89.98227,34.60394]]}},{"type":"Feature","properties":{"l":"road","c":"minor"},"geometry":{"type":"LineString","coordinates":[[-89.97865,34.585],[-89.9783,34.58537],[-89.97794,34.58597],[-89.97791,34.58611]]}},{"type":"Feature","properties":{"l":"road","c":"minor"},"geometry":{"type":"LineString","coordinates":[[-89.979,34.64045],[-89.97903,34.64101]]}},{"type":"Feature","properties":{"l":"road","c":"minor"},"geometry":{"type":"LineString","coordinates":[[-89.9759,34.60025],[-89.9758,34.6007],[-89.97571,34.60079],[-89.97551,34.60079],[-89.97539,34.60069],[-89.97523,34.60064],[-89.97497,34.60062],[-89.97483,34.60068],[-89.97461,34.60093],[-89.97445,34.601],[-89.9743,34.60095],[-89.97426,34.6009],[-89.97422,34.60063],[-89.97409,34.6004]]}},{"type":"Feature","properties":{"l":"road","c":"minor"},"geometry":{"type":"LineString","coordinates":[[-89.97306,34.6129],[-89.97389,34.6129]]}},{"type":"Feature","properties":{"l":"road","c":"minor"},"geometry":{"type":"LineString","coordinates":[[-89.97355,34.6176],[-89.97292,34.61761]]}},{"type":"Feature","properties":{"l":"road","c":"minor"},"geometry":{"type":"LineString","coordinates":[[-89.97201,34.5985],[-89.9727,34.59852],[-89.97277,34.59866]]}},{"type":"Feature","properties":{"l":"road","c":"minor"},"geometry":{"type":"LineString","coordinates":[[-89.97171,34.59772],[-89.97171,34.59793],[-89.97166,34.5981],[-89.97167,34.5985]]}},{"type":"Feature","properties":{"l":"road","c":"minor"},"geometry":{"type":"LineString","coordinates":[[-89.96384,34.6236],[-89.96415,34.62344],[-89.96446,34.62321],[-89.96455,34.6231]]}},{"type":"Feature","properties":{"l":"road","c":"minor"},"geometry":{"type":"LineString","coordinates":[[-89.96408,34.62565],[-89.96298,34.62565]]}},{"type":"Feature","properties":{"l":"road","c":"minor"},"geometry":{"type":"LineString","coordinates":[[-89.95975,34.63002],[-89.95806,34.6299],[-89.95798,34.62985],[-89.95794,34.62977],[-89.95801,34.62929],[-89.95807,34.62922],[-89.95817,34.62921],[-89.95976,34.62934]]}},{"type":"Feature","properties":{"l":"road","c":"minor"},"geometry":{"type":"LineString","coordinates":[[-89.95757,34.62925],[-89.95674,34.62921]]}},{"type":"Feature","properties":{"l":"road","c":"minor"},"geometry":{"type":"LineString","coordinates":[[-89.95743,34.62994],[-89.9568,34.62994]]}},{"type":"Feature","properties":{"l":"road","c":"minor"},"geometry":{"type":"LineString","coordinates":[[-89.95414,34.665],[-89.95416,34.66475],[-89.95431,34.66434],[-89.95488,34.66415],[-89.95505,34.66401]]}},{"type":"Feature","properties":{"l":"road","c":"minor"},"geometry":{"type":"LineString","coordinates":[[-89.94379,34.65037],[-89.94385,34.65048],[-89.94389,34.65078],[-89.94359,34.65128],[-89.94331,34.65147],[-89.9428,34.65164],[-89.9423,34.65223],[-89.94109,34.65222],[-89.94091,34.65226],[-89.94081,34.65232]]}},{"type":"Feature","properties":{"l":"road","c":"minor"},"geometry":{"type":"LineString","coordinates":[[-89.94363,34.665],[-89.94338,34.66492],[-89.9433,34.66483]]}},{"type":"Feature","properties":{"l":"road","c":"minor"},"geometry":{"type":"LineString","coordinates":[[-89.93615,34.64783],[-89.93688,34.64742],[-89.93801,34.64695],[-89.93958,34.64644]]}},{"type":"Feature","properties":{"l":"road","c":"minor"},"geometry":{"type":"LineString","coordinates":[[-89.93595,34.6476],[-89.93632,34.64728],[-89.93688,34.64714],[-89.93745,34.64686],[-89.93936,34.64621]]}},{"type":"Feature","properties":{"l":"road","c":"minor","n":"Brewer Drive"},"geometry":{"type":"LineString","coordinates":[[-89.98495,34.619],[-89.98484,34.61972],[-89.98485,34.61991],[-89.98494,34.62031],[-89.98501,34.62038],[-89.98512,34.62041],[-89.98547,34.62042]]}},{"type":"Feature","properties":{"l":"road","c":"minor","n":"Jone's Drive"},"geometry":{"type":"LineString","coordinates":[[-89.9333,34.61576],[-89.93204,34.6156]]}},{"type":"Feature","properties":{"l":"road","c":"minor","n":"Terry Lane"},"geometry":{"type":"LineString","coordinates":[[-89.97564,34.61198],[-89.97584,34.60855],[-89.97604,34.6069],[-89.97593,34.60656],[-89.97581,34.60644],[-89.97541,34.60636],[-89.97226,34.60646],[-89.96855,34.60653]]}},{"type":"Feature","properties":{"l":"road","c":"minor","n":"Hudson Street"},"geometry":{"type":"LineString","coordinates":[[-89.95347,34.61485],[-89.95347,34.61662]]}},{"type":"Feature","properties":{"l":"road","c":"minor","n":"Camille Street"},"geometry":{"type":"LineString","coordinates":[[-89.9749,34.612],[-89.97504,34.61926]]}},{"type":"Feature","properties":{"l":"road","c":"minor","n":"Muscadine Drive"},"geometry":{"type":"LineString","coordinates":[[-89.99034,34.60474],[-89.99006,34.60475],[-89.98969,34.60471],[-89.98915,34.60462],[-89.98878,34.60452],[-89.98813,34.60425],[-89.98791,34.60422],[-89.98625,34.60421]]}},{"type":"Feature","properties":{"l":"road","c":"minor","n":"Norfleet Street"},"geometry":{"type":"LineString","coordinates":[[-89.95727,34.62782],[-89.95715,34.62992]]}},{"type":"Feature","properties":{"l":"road","c":"minor","n":"Tim Street"},"geometry":{"type":"LineString","coordinates":[[-89.97541,34.60636],[-89.97539,34.60755]]}},{"type":"Feature","properties":{"l":"road","c":"minor","n":"Glendale Street"},"geometry":{"type":"LineString","coordinates":[[-89.97608,34.61542],[-89.97612,34.61557],[-89.97611,34.61695]]}},{"type":"Feature","properties":{"l":"road","c":"minor","n":"Cox Circle"},"geometry":{"type":"LineString","coordinates":[[-89.95387,34.6175],[-89.95388,34.61784]]}},{"type":"Feature","properties":{"l":"road","c":"minor","n":"Corporate Court"},"geometry":{"type":"LineString","coordinates":[[-89.95534,34.60299],[-89.95844,34.60298],[-89.95845,34.60109]]}},{"type":"Feature","properties":{"l":"road","c":"minor","n":"Crossover Road"},"geometry":{"type":"LineString","coordinates":[[-90.02161,34.61919],[-90.02173,34.61816],[-90.02171,34.61648]]}},{"type":"Feature","properties":{"l":"road","c":"minor","n":"Crossover Road"},"geometry":{"type":"LineString","coordinates":[[-90.02171,34.61648],[-90.02157,34.61429],[-90.02158,34.61112],[-90.02147,34.61026]]}},{"type":"Feature","properties":{"l":"road","c":"minor","n":"Crossover Road"},"geometry":{"type":"LineString","coordinates":[[-90.02171,34.61648],[-90.02119,34.61641]]}},{"type":"Feature","properties":{"l":"road","c":"minor","n":"Two Mile Branch Road"},"geometry":{"type":"LineString","coordinates":[[-90.0039,34.60929],[-90.00391,34.61124],[-90.00386,34.61432],[-90.00394,34.61714],[-90.00394,34.61833],[-90.00385,34.61894],[-90.00371,34.6194]]}},{"type":"Feature","properties":{"l":"road","c":"minor","n":"Porter Street"},"geometry":{"type":"LineString","coordinates":[[-89.95735,34.6247],[-89.96386,34.62469],[-89.96856,34.62464]]}},{"type":"Feature","properties":{"l":"road","c":"minor","n":"Oakdale Lane"},"geometry":{"type":"LineString","coordinates":[[-89.94541,34.66312],[-89.94579,34.66348],[-89.94564,34.66485],[-89.94565,34.665]]}},{"type":"Feature","properties":{"l":"road","c":"minor","n":"Franklin Cove"},"geometry":{"type":"LineString","coordinates":[[-89.96856,34.61374],[-89.96923,34.61373],[-89.96941,34.6138]]}},{"type":"Feature","properties":{"l":"road","c":"minor","n":"Preston McKay Drive"},"geometry":{"type":"LineString","coordinates":[[-89.99315,34.61342],[-89.99353,34.61298],[-89.99368,34.61275],[-89.99377,34.61251],[-89.99386,34.61164],[-89.99386,34.60969]]}},{"type":"Feature","properties":{"l":"road","c":"minor","n":"Cameron Road"},"geometry":{"type":"LineString","coordinates":[[-89.99782,34.66029],[-89.99943,34.66064],[-90.00009,34.66066],[-90.00407,34.66005],[-90.00485,34.65913],[-90.00528,34.65876]]}},{"type":"Feature","properties":{"l":"road","c":"minor","n":"Scottsdale Street"},"geometry":{"type":"LineString","coordinates":[[-89.95458,34.61483],[-89.9544,34.61612],[-89.95439,34.61661]]}},{"type":"Feature","properties":{"l":"road","c":"minor","n":"Heard Street"},"geometry":{"type":"LineString","coordinates":[[-89.95951,34.61506],[-89.9596,34.61521],[-89.95977,34.61655],[-89.95979,34.61848],[-89.95976,34.62934],[-89.95974,34.63031],[-89.9597,34.63057],[-89.95968,34.63179]]}},{"type":"Feature","properties":{"l":"road","c":"minor","n":"Church Street"},"geometry":{"type":"LineString","coordinates":[[-89.96495,34.61348],[-89.96856,34.61353]]}},{"type":"Feature","properties":{"l":"road","c":"minor","n":"Quail Ridge Road"},"geometry":{"type":"LineString","coordinates":[[-89.98972,34.64088],[-89.98983,34.6398],[-89.99014,34.63875],[-89.9904,34.63822],[-89.99071,34.63783],[-89.99083,34.63752],[-89.99073,34.63554],[-89.99053,34.63513],[-89.98873,34.63511],[-89.98857,34.63508],[-89.98781,34.63452],[-89.98767,34.63453]]}},{"type":"Feature","properties":{"l":"road","c":"minor","n":"Ward Street"},"geometry":{"type":"LineString","coordinates":[[-89.96595,34.61847],[-89.96639,34.62032]]}},{"type":"Feature","properties":{"l":"road","c":"minor","n":"Lafayette Street"},"geometry":{"type":"LineString","coordinates":[[-89.95735,34.62556],[-89.95977,34.62556]]}},{"type":"Feature","properties":{"l":"road","c":"minor","n":"College Street"},"geometry":{"type":"LineString","coordinates":[[-89.96855,34.62014],[-89.96417,34.62051]]}},{"type":"Feature","properties":{"l":"road","c":"minor","n":"McClure Street"},"geometry":{"type":"LineString","coordinates":[[-89.96102,34.62469],[-89.96101,34.62802]]}},{"type":"Feature","properties":{"l":"road","c":"minor","n":"Matthews Drive"},"geometry":{"type":"LineString","coordinates":[[-89.98995,34.61114],[-89.99005,34.61166],[-89.99012,34.61223],[-89.99014,34.61649],[-89.99022,34.61883]]}},{"type":"Feature","properties":{"l":"road","c":"minor","n":"Dogwood Drive"},"geometry":{"type":"LineString","coordinates":[[-89.98942,34.60797],[-89.98984,34.60796],[-89.99,34.60787],[-89.99003,34.6078],[-89.99006,34.60475]]}},{"type":"Feature","properties":{"l":"road","c":"minor","n":"West Gilmore Street"},"geometry":{"type":"LineString","coordinates":[[-89.97306,34.61493],[-89.97016,34.61497],[-89.97009,34.61502]]}},{"type":"Feature","properties":{"l":"road","c":"minor","n":"West Gilmore Street"},"geometry":{"type":"LineString","coordinates":[[-89.97003,34.61546],[-89.96856,34.61543],[-89.96639,34.61552],[-89.96528,34.61569]]}},{"type":"Feature","properties":{"l":"road","c":"minor","n":"Clearview Road"},"geometry":{"type":"LineString","coordinates":[[-89.98085,34.62381],[-89.9813,34.62381],[-89.98156,34.62375],[-89.98179,34.62366],[-89.98358,34.62209],[-89.98365,34.62194],[-89.98363,34.62062],[-89.98356,34.62034],[-89.98334,34.61996]]}},{"type":"Feature","properties":{"l":"road","c":"minor","n":"Holmes Road"},"geometry":{"type":"LineString","coordinates":[[-89.95571,34.59761],[-89.9557,34.59236],[-89.95566,34.59138],[-89.95504,34.5872],[-89.95491,34.58594],[-89.95489,34.585]]}},{"type":"Feature","properties":{"l":"road","c":"minor","n":"Westwood Drive"},"geometry":{"type":"LineString","coordinates":[[-89.99674,34.61966],[-89.99678,34.62103],[-89.99676,34.62174],[-89.99686,34.62214],[-89.99703,34.62228],[-89.99728,34.62237],[-89.9977,34.6224],[-89.99888,34.62244],[-90.00089,34.62246],[-90.00154,34.62235],[-90.00175,34.6222],[-90.00189,34.62197],[-90.00191,34.62141],[-90.00186,34.61945]]}},{"type":"Feature","properties":{"l":"road","c":"minor","n":"Warrior Drive"},"geometry":{"type":"LineString","coordinates":[[-89.96856,34.62216],[-89.96687,34.62227],[-89.96659,34.62226],[-89.96644,34.62233],[-89.96635,34.62243],[-89.96634,34.62264],[-89.96634,34.62293],[-89.9664,34.62303],[-89.96657,34.62304]]}},{"type":"Feature","properties":{"l":"road","c":"minor","n":"Shands Bottom Road"},"geometry":{"type":"LineString","coordinates":[[-89.94213,34.585],[-89.94215,34.58571],[-89.9421,34.59042],[-89.94203,34.59132],[-89.94213,34.59203],[-89.94238,34.59242],[-89.94286,34.5928],[-89.94399,34.59321],[-89.94436,34.59345],[-89.94448,34.59391],[-89.94445,34.59517],[-89.94463,34.59567],[-89.94509,34.59649],[-89.94632,34.59768],[-89.94673,34.59865],[-89.94691,34.59879],[-89.94714,34.59882],[-89.94806,34.59836],[-89.95039,34.59776],[-89.9514,34.59764],[-89.96368,34.59761],[-89.9685,34.59768]]}},{"type":"Feature","properties":{"l":"road","c":"minor","n":"Rifle Range Road"},"geometry":{"type":"LineString","coordinates":[[-89.94307,34.66318],[-89.94417,34.66313],[-89.94541,34.66312],[-89.94569,34.66277],[-89.94597,34.66248],[-89.94646,34.66223],[-89.94735,34.66208],[-89.94785,34.66187],[-89.94851,34.66154],[-89.94939,34.66117],[-89.95048,34.66092],[-89.95147,34.66059],[-89.95243,34.66041],[-89.95315,34.66022],[-89.95387,34.65981],[-89.95539,34.6597],[-89.95667,34.65938],[-89.95753,34.65923],[-89.95779,34.65921],[-89.95804,34.65922],[-89.95858,34.65937],[-89.95892,34.65949],[-89.95929,34.65968],[-89.96008,34.65988],[-89.96069,34.65991],[-89.96277,34.65955],[-89.96419,34.65947],[-89.96523,34.65935],[-89.96598,34.65935],[-89.96728,34.65952],[-89.96809,34.65966],[-89.96827,34.65971],[-89.96855,34.65985],[-89.9687,34.66005],[-89.96876,34.66035],[-89.96881,34.6617],[-89.96882,34.665]]}},{"type":"Feature","properties":{"l":"road","c":"minor","n":"Hammond Hill Road"},"geometry":{"type":"LineString","coordinates":[[-90.0038,34.585],[-90.00387,34.5854],[-90.0039,34.58703],[-90.00393,34.59005],[-90.00391,34.59183],[-90.00401,34.59263],[-90.00413,34.59311],[-90.00416,34.59464],[-90.0041,34.59711],[-90.00395,34.59744],[-90.00411,34.59911],[-90.00403,34.60022],[-90.00395,34.60197],[-90.00391,34.60378],[-90.0039,34.60929]]}},{"type":"Feature","properties":{"l":"road","c":"minor","n":"Evergreen Drive"},"geometry":{"type":"LineString","coordinates":[[-89.98942,34.60797],[-89.98915,34.60798],[-89.98915,34.60462]]}},{"type":"Feature","properties":{"l":"road","c":"minor","n":"Meade Boulevard"},"geometry":{"type":"LineString","coordinates":[[-89.97144,34.59772],[-89.97145,34.598],[-89.97141,34.59818],[-89.97141,34.5985]]}},{"type":"Feature","properties":{"l":"road","c":"minor","n":"Meade Boulevard"},"geometry":{"type":"LineString","coordinates":[[-89.97141,34.5985],[-89.97144,34.5988],[-89.97151,34.59891],[-89.97175,34.59898],[-89.97185,34.59894],[-89.97193,34.59887],[-89.97199,34.59875],[-89.97201,34.5985],[-89.97141,34.5985]]}},{"type":"Feature","properties":{"l":"road","c":"minor","n":"Sweet Gum Cove"},"geometry":{"type":"LineString","coordinates":[[-89.98684,34.60631],[-89.9882,34.6063]]}},{"type":"Feature","properties":{"l":"road","c":"minor","n":"Center Street"},"geometry":{"type":"LineString","coordinates":[[-89.96497,34.61738],[-89.96572,34.62037]]}},{"type":"Feature","properties":{"l":"road","c":"minor","n":"Hunter Drive"},"geometry":{"type":"LineString","coordinates":[[-89.98471,34.61757],[-89.98488,34.61714],[-89.98501,34.61672],[-89.98501,34.61661],[-89.98486,34.61623],[-89.98484,34.61608],[-89.98482,34.61183],[-89.98486,34.61169]]}},{"type":"Feature","properties":{"l":"road","c":"minor","n":"Beech Court"},"geometry":{"type":"LineString","coordinates":[[-89.95978,34.62275],[-89.96123,34.62278]]}},{"type":"Feature","properties":{"l":"road","c":"minor","n":"Whispering Cove"},"geometry":{"type":"LineString","coordinates":[[-89.97763,34.59892],[-89.97745,34.59854]]}},{"type":"Feature","properties":{"l":"road","c":"minor","n":"Carter Street"},"geometry":{"type":"LineString","coordinates":[[-89.95245,34.61493],[-89.95247,34.61668]]}},{"type":"Feature","properties":{"l":"road","c":"minor","n":"Lively Street"},"geometry":{"type":"LineString","coordinates":[[-89.96226,34.62469],[-89.96225,34.62802]]}},{"type":"Feature","properties":{"l":"road","c":"minor","n":"Industrial Drive"},"geometry":{"type":"LineString","coordinates":[[-89.96853,34.60005],[-89.96884,34.60006],[-89.96913,34.60012],[-89.96981,34.60042]]}},{"type":"Feature","properties":{"l":"road","c":"minor","n":"Industrial Drive"},"geometry":{"type":"LineString","coordinates":[[-89.95536,34.60104],[-89.95153,34.60103]]}},{"type":"Feature","properties":{"l":"road","c":"minor","n":"Sunshine Cove"},"geometry":{"type":"LineString","coordinates":[[-89.97872,34.59872],[-89.9787,34.59846]]}},{"type":"Feature","properties":{"l":"road","c":"minor","n":"Gillespie Street"},"geometry":{"type":"LineString","coordinates":[[-89.95706,34.62635],[-89.95977,34.62635]]}},{"type":"Feature","properties":{"l":"road","c":"minor","n":"Nichols Boulevard"},"geometry":{"type":"LineString","coordinates":[[-89.95951,34.61506],[-89.95874,34.61496],[-89.95698,34.61497],[-89.95685,34.615],[-89.95672,34.61516],[-89.95671,34.61546],[-89.95664,34.61563],[-89.95655,34.6157],[-89.95621,34.61584],[-89.95615,34.6159],[-89.95611,34.61599],[-89.95612,34.61656]]}},{"type":"Feature","properties":{"l":"road","c":"minor","n":"Dean Street"},"geometry":{"type":"LineString","coordinates":[[-89.97003,34.61637],[-89.97169,34.61637],[-89.97211,34.61647],[-89.97215,34.61655],[-89.9721,34.61702]]}},{"type":"Feature","properties":{"l":"road","c":"minor","n":"Woolfolk Road"},"geometry":{"type":"LineString","coordinates":[[-89.98611,34.5975],[-89.98628,34.60146],[-89.98624,34.60609],[-89.98628,34.61162]]}},{"type":"Feature","properties":{"l":"road","c":"minor","n":"Woolfolk Road"},"geometry":{"type":"LineString","coordinates":[[-89.98616,34.59504],[-89.9861,34.58872]]}},{"type":"Feature","properties":{"l":"road","c":"minor","n":"Pamela Drive"},"geometry":{"type":"LineString","coordinates":[[-89.9311,34.6139],[-89.93093,34.61441],[-89.93011,34.615],[-89.92949,34.61533],[-89.9282,34.61561],[-89.92784,34.6158],[-89.92723,34.61625],[-89.92707,34.6164],[-89.92692,34.61675],[-89.92717,34.61721],[-89.92752,34.61734],[-89.92844,34.61726],[-89.93031,34.61668],[-89.93065,34.61663],[-89.93088,34.61662],[-89.93329,34.61687]]}},{"type":"Feature","properties":{"l":"road","c":"minor","n":"Cauthen Circle"},"geometry":{"type":"LineString","coordinates":[[-89.95534,34.61341],[-89.95781,34.61339],[-89.95788,34.61349],[-89.95789,34.61391],[-89.95781,34.614],[-89.95533,34.61399]]}},{"type":"Feature","properties":{"l":"road","c":"minor","n":"Jennifer Drive"},"geometry":{"type":"LineString","coordinates":[[-89.98492,34.61023],[-89.9842,34.61024],[-89.98345,34.61047],[-89.98304,34.6105]]}},{"type":"Feature","properties":{"l":"road","c":"minor","n":"Pecan Drive"},"geometry":{"type":"LineString","coordinates":[[-89.99002,34.60877],[-89.98969,34.6087],[-89.98684,34.60878]]}},{"type":"Feature","properties":{"l":"road","c":"minor","n":"Crawford Street"},"geometry":{"type":"LineString","coordinates":[[-89.95977,34.62866],[-89.95647,34.62839]]}},{"type":"Feature","properties":{"l":"road","c":"minor","n":"Dean Alley"},"geometry":{"type":"LineString","coordinates":[[-89.97114,34.61637],[-89.97113,34.61569]]}},{"type":"Feature","properties":{"l":"road","c":"minor","n":"Courtney Cove"},"geometry":{"type":"LineString","coordinates":[[-89.971,34.59587],[-89.97102,34.59481]]}},{"type":"Feature","properties":{"l":"road","c":"minor","n":"South Park Street"},"geometry":{"type":"LineString","coordinates":[[-89.9628,34.61601],[-89.96334,34.61785]]}},{"type":"Feature","properties":{"l":"road","c":"minor","n":"South Park Street"},"geometry":{"type":"LineString","coordinates":[[-89.96272,34.614],[-89.96301,34.61541],[-89.96315,34.61594]]}},{"type":"Feature","properties":{"l":"road","c":"minor","n":"Cochran Place"},"geometry":{"type":"LineString","coordinates":[[-89.98063,34.61491],[-89.97809,34.61498],[-89.97794,34.61495],[-89.97782,34.61475],[-89.97791,34.61461],[-89.97801,34.61455],[-89.97818,34.61453],[-89.98062,34.61447]]}},{"type":"Feature","properties":{"l":"road","c":"minor","n":"Joseph Drive"},"geometry":{"type":"LineString","coordinates":[[-89.9737,34.59313],[-89.97567,34.5936],[-89.97592,34.59374],[-89.97615,34.59394],[-89.97629,34.59416],[-89.97636,34.59439],[-89.97638,34.59566],[-89.97633,34.59578],[-89.97622,34.59586],[-89.97604,34.5959],[-89.97052,34.59588],[-89.97023,34.59586],[-89.96928,34.59567],[-89.96851,34.59566]]}},{"type":"Feature","properties":{"l":"road","c":"minor","n":"Brownsferry Road"},"geometry":{"type":"LineString","coordinates":[[-90.03,34.60489],[-90.0294,34.60498],[-90.02802,34.60539],[-90.02761,34.60566],[-90.02738,34.60599],[-90.02704,34.60689],[-90.02684,34.60729],[-90.02658,34.60753],[-90.02632,34.60789],[-90.02563,34.60899],[-90.02508,34.60926],[-90.02447,34.60951],[-90.02232,34.61006],[-90.01866,34.61087],[-90.01799,34.61094],[-90.01727,34.61094],[-90.01378,34.61042],[-90.01023,34.60997],[-90.00657,34.60946],[-90.00591,34.6094],[-90.0039,34.60929],[-90.00106,34.60922],[-89.99571,34.60919],[-89.99507,34.60928],[-89.994,34.60961],[-89.99132,34.61082],[-89.99077,34.61102],[-89.98995,34.61114],[-89.98864,34.61127],[-89.98628,34.61162],[-89.98486,34.61169],[-89.98055,34.6118],[-89.97081,34.61214],[-89.96855,34.61212]]}},{"type":"Feature","properties":{"l":"road","c":"minor","n":"West Tate Street"},"geometry":{"type":"LineString","coordinates":[[-89.9651,34.61792],[-89.96438,34.61803],[-89.96369,34.61785],[-89.96334,34.61785]]}},{"type":"Feature","properties":{"l":"road","c":"minor","n":"David Street"},"geometry":{"type":"LineString","coordinates":[[-89.97647,34.60688],[-89.97604,34.6069]]}},{"type":"Feature","properties":{"l":"road","c":"minor","n":"Miracle Drive"},"geometry":{"type":"LineString","coordinates":[[-89.98304,34.59941],[-89.98251,34.59909],[-89.98212,34.59891],[-89.98185,34.59887],[-89.98098,34.59892],[-89.97963,34.5988],[-89.97944,34.59882],[-89.97925,34.59892],[-89.97893,34.59876],[-89.97872,34.59872],[-89.97825,34.59872],[-89.97784,34.5988],[-89.97763,34.59892],[-89.97745,34.59914]]}},{"type":"Feature","properties":{"l":"road","c":"minor","n":"Miracle Drive"},"geometry":{"type":"LineString","coordinates":[[-89.9777,34.59963],[-89.97765,34.59935],[-89.97756,34.59922],[-89.97745,34.59914]]}},{"type":"Feature","properties":{"l":"road","c":"minor","n":"Miracle Drive"},"geometry":{"type":"LineString","coordinates":[[-89.97745,34.59914],[-89.97714,34.599],[-89.97676,34.59892],[-89.97556,34.59876],[-89.97525,34.59867],[-89.97498,34.59855],[-89.97443,34.5982],[-89.97418,34.5981],[-89.97369,34.59798],[-89.97352,34.59771],[-89.9685,34.59768]]}},{"type":"Feature","properties":{"l":"road","c":"minor","n":"New Salem Road"},"geometry":{"type":"LineString","coordinates":[[-90.02999,34.5946],[-90.00492,34.59349]]}},{"type":"Feature","properties":{"l":"road","c":"minor","n":"Halls Mill Levee Road"},"geometry":{"type":"LineString","coordinates":[[-89.93333,34.61452],[-89.93329,34.61687],[-89.9333,34.62103],[-89.93333,34.62281],[-89.9333,34.62363],[-89.93314,34.62388],[-89.93145,34.6252],[-89.92995,34.62648],[-89.92947,34.62669],[-89.9281,34.62676],[-89.925,34.62674]]}},{"type":"Feature","properties":{"l":"road","c":"minor","n":"Halls Mill Levee Road"},"geometry":{"type":"LineString","coordinates":[[-89.92822,34.63828],[-89.92707,34.63797],[-89.92634,34.63788],[-89.925,34.63781]]}},{"type":"Feature","properties":{"l":"road","c":"minor","n":"Veazey Road"},"geometry":{"type":"LineString","coordinates":[[-90.00416,34.6409],[-90.0239,34.64118],[-90.0251,34.64123],[-90.02525,34.64129],[-90.02539,34.64138],[-90.02551,34.64155],[-90.02557,34.64176],[-90.02564,34.6431],[-90.02571,34.64335],[-90.02582,34.64356],[-90.02661,34.64445],[-90.02694,34.64488],[-90.02734,34.64557],[-90.02886,34.64671],[-90.02936,34.64698],[-90.03,34.64715]]}},{"type":"Feature","properties":{"l":"road","c":"minor","n":"Melody Lane"},"geometry":{"type":"LineString","coordinates":[[-89.97494,34.61455],[-89.97712,34.61448]]}},{"type":"Feature","properties":{"l":"road","c":"minor","n":"East Tate Street"},"geometry":{"type":"LineString","coordinates":[[-89.96579,34.6178],[-89.9651,34.61792]]}},{"type":"Feature","properties":{"l":"road","c":"minor","n":"East Tate Street"},"geometry":{"type":"LineString","coordinates":[[-89.96334,34.61785],[-89.95979,34.61848],[-89.9552,34.61851]]}},{"type":"Feature","properties":{"l":"road","c":"minor","n":"French's Alley"},"geometry":{"type":"LineString","coordinates":[[-89.96711,34.61701],[-89.96708,34.61691],[-89.96703,34.61687]]}},{"type":"Feature","properties":{"l":"road","c":"minor","n":"French's Alley"},"geometry":{"type":"LineString","coordinates":[[-89.96703,34.61687],[-89.96701,34.61692],[-89.96703,34.61702]]}},{"type":"Feature","properties":{"l":"road","c":"minor","n":"French's Alley"},"geometry":{"type":"LineString","coordinates":[[-89.96703,34.61687],[-89.96673,34.6155]]}},{"type":"Feature","properties":{"l":"road","c":"minor","n":"Norris Road"},"geometry":{"type":"LineString","coordinates":[[-89.98407,34.64095],[-89.98411,34.64277],[-89.97968,34.64289],[-89.97872,34.64295],[-89.97852,34.64287],[-89.97843,34.64102]]}},{"type":"Feature","properties":{"l":"road","c":"minor","n":"South Robinson Street"},"geometry":{"type":"LineString","coordinates":[[-89.96164,34.61622],[-89.9618,34.61675],[-89.96212,34.61807]]}},{"type":"Feature","properties":{"l":"road","c":"minor","n":"Strayhorn Street"},"geometry":{"type":"LineString","coordinates":[[-89.98964,34.6187],[-89.98962,34.61876],[-89.98821,34.61886],[-89.98788,34.61895],[-89.98675,34.61933],[-89.98631,34.61938],[-89.98602,34.61931],[-89.98525,34.61906],[-89.98467,34.61895],[-89.98432,34.61892],[-89.97805,34.61922],[-89.97749,34.61919],[-89.97504,34.61926],[-89.97049,34.61943]]}},{"type":"Feature","properties":{"l":"road","c":"minor","n":"Garden View Drive"},"geometry":{"type":"LineString","coordinates":[[-89.98674,34.61154],[-89.98677,34.61164],[-89.98677,34.6157]]}},{"type":"Feature","properties":{"l":"road","c":"minor","n":"Camille Road"},"geometry":{"type":"LineString","coordinates":[[-89.95997,34.66408],[-89.95732,34.66413],[-89.95687,34.665]]}},{"type":"Feature","properties":{"l":"road","c":"minor","n":"Orange Drive"},"geometry":{"type":"LineString","coordinates":[[-89.98826,34.60431],[-89.98819,34.60449],[-89.98819,34.60528],[-89.98815,34.60537],[-89.98799,34.60547],[-89.98714,34.60548],[-89.98703,34.60551],[-89.98693,34.60556],[-89.98685,34.60573],[-89.98685,34.60936],[-89.98696,34.6095],[-89.98707,34.60953],[-89.98913,34.60946],[-89.98927,34.60949]]}},{"type":"Feature","properties":{"l":"road","c":"minor","n":"Saint Paul Avenue"},"geometry":{"type":"LineString","coordinates":[[-89.97292,34.61761],[-89.97265,34.61761],[-89.9711,34.61788],[-89.97036,34.61793]]}},{"type":"Feature","properties":{"l":"road","c":"minor","n":"Cahill Street"},"geometry":{"type":"LineString","coordinates":[[-89.96711,34.61076],[-89.96709,34.61068],[-89.96694,34.61063],[-89.96675,34.61065],[-89.96626,34.61075],[-89.9659,34.61094],[-89.96563,34.61103],[-89.96538,34.61108],[-89.96489,34.61111]]}},{"type":"Feature","properties":{"l":"road","c":"minor","n":"Norris Cove"},"geometry":{"type":"LineString","coordinates":[[-89.98411,34.64277],[-89.98525,34.64274]]}},{"type":"Feature","properties":{"l":"road","c":"minor","n":"Norris Cove"},"geometry":{"type":"LineString","coordinates":[[-89.98408,34.64084],[-89.98407,34.64095]]}},{"type":"Feature","properties":{"l":"road","c":"minor","n":"Rosewood Drive"},"geometry":{"type":"LineString","coordinates":[[-89.97867,34.63804],[-89.98023,34.63801]]}},{"type":"Feature","properties":{"l":"road","c":"minor","n":"Short Street"},"geometry":{"type":"LineString","coordinates":[[-89.95245,34.61493],[-89.95347,34.61485],[-89.95534,34.61483]]}},{"type":"Feature","properties":{"l":"road","c":"minor","n":"County Meadows Drive"},"geometry":{"type":"LineString","coordinates":[[-89.98625,34.60803],[-89.98779,34.60804],[-89.98915,34.60798]]}},{"type":"Feature","properties":{"l":"road","c":"minor","n":"Cox Street"},"geometry":{"type":"LineString","coordinates":[[-89.95144,34.61461],[-89.95141,34.61659],[-89.95185,34.61743],[-89.95198,34.61752],[-89.95219,34.61757],[-89.95524,34.61747]]}},{"type":"Feature","properties":{"l":"road","c":"minor","n":"Lindale Street"},"geometry":{"type":"LineString","coordinates":[[-89.95772,34.61849],[-89.95771,34.61751],[-89.95635,34.6175]]}},{"type":"Feature","properties":{"l":"road","c":"minor","n":"Evelyn Street"},"geometry":{"type":"LineString","coordinates":[[-89.96291,34.62102],[-89.95977,34.62101]]}},{"type":"Feature","properties":{"l":"road","c":"minor","n":"East Gilmore Street"},"geometry":{"type":"LineString","coordinates":[[-89.9628,34.61601],[-89.95977,34.61655],[-89.95532,34.61657],[-89.95145,34.61671]]}},{"type":"Feature","properties":{"l":"road","c":"minor","n":"Rose Road"},"geometry":{"type":"LineString","coordinates":[[-89.925,34.61445],[-89.92542,34.61481],[-89.92575,34.61466],[-89.92585,34.61436]]}},{"type":"Feature","properties":{"l":"road","c":"minor","n":"Kiwi Cove"},"geometry":{"type":"LineString","coordinates":[[-89.98704,34.60423],[-89.98703,34.60466]]}},{"type":"Feature","properties":{"l":"road","c":"minor","n":"Buster Street"},"geometry":{"type":"LineString","coordinates":[[-89.97226,34.60646],[-89.97227,34.60796]]}},{"type":"Feature","properties":{"l":"road","c":"minor","n":"Park Street"},"geometry":{"type":"LineString","coordinates":[[-89.96334,34.61785],[-89.96417,34.62051],[-89.96459,34.62255],[-89.9646,34.6228],[-89.96455,34.6231]]}},{"type":"Feature","properties":{"l":"road","c":"minor","n":"Hillside Circle"},"geometry":{"type":"LineString","coordinates":[[-89.96346,34.61215],[-89.96343,34.61256]]}},{"type":"Feature","properties":{"l":"road","c":"minor","n":"Action Lane"},"geometry":{"type":"LineString","coordinates":[[-89.9791,34.59968],[-89.97925,34.6004]]}},{"type":"Feature","properties":{"l":"road","c":"minor","n":"Action Lane"},"geometry":{"type":"LineString","coordinates":[[-89.9791,34.59968],[-89.97922,34.59954],[-89.97924,34.59945],[-89.97925,34.59892]]}},{"type":"Feature","properties":{"l":"road","c":"minor","n":"Action Lane"},"geometry":{"type":"LineString","coordinates":[[-89.9777,34.59963],[-89.97787,34.59963],[-89.97881,34.59975],[-89.979,34.59973],[-89.9791,34.59968]]}},{"type":"Feature","properties":{"l":"road","c":"minor","n":"McKie Street"},"geometry":{"type":"LineString","coordinates":[[-89.95799,34.62211],[-89.9645,34.62211]]}},{"type":"Feature","properties":{"l":"road","c":"minor","n":"Edele Street"},"geometry":{"type":"LineString","coordinates":[[-89.97175,34.61595],[-89.97171,34.61531],[-89.97173,34.61496]]}},{"type":"Feature","properties":{"l":"road","c":"minor","n":"Apple Drive"},"geometry":{"type":"LineString","coordinates":[[-89.98922,34.61072],[-89.98854,34.61081],[-89.98833,34.61075],[-89.98828,34.61065],[-89.98825,34.60949]]}},{"type":"Feature","properties":{"l":"road","c":"minor","n":"Norwood Street"},"geometry":{"type":"LineString","coordinates":[[-89.97496,34.61578],[-89.97608,34.61542],[-89.97634,34.61537],[-89.9772,34.61536],[-89.97726,34.61539]]}},{"type":"Feature","properties":{"l":"road","c":"minor","n":"Tena Cove"},"geometry":{"type":"LineString","coordinates":[[-89.97567,34.5936],[-89.97621,34.59267],[-89.97641,34.59252],[-89.97685,34.59238]]}},{"type":"Feature","properties":{"l":"road","c":"minor","n":"Getwell Drive"},"geometry":{"type":"LineString","coordinates":[[-89.95414,34.62529],[-89.95538,34.62507],[-89.95546,34.62509],[-89.95553,34.62534],[-89.95697,34.62534]]}},{"type":"Feature","properties":{"l":"road","c":"minor","n":"Orchard Cove"},"geometry":{"type":"LineString","coordinates":[[-89.98684,34.60718],[-89.98819,34.60718]]}},{"type":"Feature","properties":{"l":"road","c":"minor","n":"Bethel Road"},"geometry":{"type":"LineString","coordinates":[[-89.925,34.64133],[-89.92813,34.64134],[-89.93237,34.64122],[-89.93288,34.64136],[-89.93309,34.64145],[-89.93322,34.64168],[-89.93333,34.64197],[-89.93348,34.64573],[-89.93366,34.64608],[-89.93418,34.64647],[-89.93476,34.64679],[-89.93541,34.64719],[-89.93595,34.6476],[-89.93624,34.64791],[-89.93671,34.64846],[-89.93703,34.64917],[-89.93729,34.65002],[-89.93749,34.65041],[-89.93794,34.65093],[-89.93861,34.65139],[-89.94081,34.65232],[-89.94093,34.65246],[-89.94107,34.65274],[-89.94184,34.6548],[-89.94211,34.65589],[-89.94221,34.65655],[-89.94227,34.6571],[-89.94301,34.65871],[-89.94311,34.65984],[-89.94299,34.66111],[-89.94301,34.66296],[-89.94327,34.66403],[-89.94331,34.66443],[-89.94327,34.665]]}},{"type":"Feature","properties":{"l":"road","c":"minor","n":"Cedar Ridge Cove"},"geometry":{"type":"LineString","coordinates":[[-89.97922,34.61574],[-89.97925,34.61624],[-89.9793,34.61632],[-89.97943,34.61638],[-89.97977,34.61638]]}},{"type":"Feature","properties":{"l":"road","c":"minor","n":"Ridgetop Drive"},"geometry":{"type":"LineString","coordinates":[[-89.97842,34.61589],[-89.97857,34.61575],[-89.98064,34.61568]]}},{"type":"Feature","properties":{"l":"road","c":"minor","n":"Floyd Circle"},"geometry":{"type":"LineString","coordinates":[[-89.98483,34.61524],[-89.98523,34.61521],[-89.98564,34.61509],[-89.98576,34.61496],[-89.98578,34.61488],[-89.98577,34.61341],[-89.98574,34.61334],[-89.98562,34.61328],[-89.98485,34.61326]]}},{"type":"Feature","properties":{"l":"road","c":"minor","n":"Mae Street"},"geometry":{"type":"LineString","coordinates":[[-89.97433,34.60639],[-89.97433,34.60779]]}},{"type":"Feature","properties":{"l":"road","c":"minor","n":"Scott Street"},"geometry":{"type":"LineString","coordinates":[[-89.95522,34.62113],[-89.95523,34.61959],[-89.95521,34.61795],[-89.95532,34.61657],[-89.95534,34.61483],[-89.95536,34.60104],[-89.95548,34.5994],[-89.95569,34.59839],[-89.95571,34.59761]]}},{"type":"Feature","properties":{"l":"road","c":"minor","n":"Plum Point Road"},"geometry":{"type":"LineString","coordinates":[[-89.9818,34.62498],[-89.98086,34.62498],[-89.98085,34.62344]]}},{"type":"Feature","properties":{"l":"road","c":"minor","n":"Martha Cove"},"geometry":{"type":"LineString","coordinates":[[-89.98493,34.61641],[-89.98507,34.61637],[-89.98567,34.61637],[-89.98577,34.61634],[-89.98585,34.61628],[-89.98589,34.61596]]}},{"type":"Feature","properties":{"l":"road","c":"minor","n":"Brandywine Road"},"geometry":{"type":"LineString","coordinates":[[-89.98767,34.63453],[-89.98766,34.63712],[-89.98751,34.63811],[-89.98752,34.63831],[-89.98777,34.63891],[-89.98786,34.63918],[-89.98786,34.63948],[-89.98776,34.63972],[-89.98748,34.64018],[-89.98743,34.64036],[-89.98741,34.64085]]}},{"type":"Feature","properties":{"l":"road","c":"minor","n":"Longstreet Lane"},"geometry":{"type":"LineString","coordinates":[[-89.9738,34.61929],[-89.9738,34.61943]]}},{"type":"Feature","properties":{"l":"road","c":"minor","n":"North Front Street"},"geometry":{"type":"LineString","coordinates":[[-89.96454,34.6187],[-89.96498,34.62043]]}},{"type":"Feature","properties":{"l":"road","c":"minor","n":"Cherry Road"},"geometry":{"type":"LineString","coordinates":[[-89.99497,34.60932],[-89.99498,34.61146]]}},{"type":"Feature","properties":{"l":"road","c":"minor","n":"E F Hale Jr Drive"},"geometry":{"type":"LineString","coordinates":[[-89.99012,34.61341],[-89.99447,34.6134]]}},{"type":"Feature","properties":{"l":"road","c":"minor","n":"Marvin Street"},"geometry":{"type":"LineString","coordinates":[[-89.97501,34.61754],[-89.97355,34.6176],[-89.97357,34.6193]]}},{"type":"Feature","properties":{"l":"road","c":"minor","n":"Marvin Street"},"geometry":{"type":"LineString","coordinates":[[-89.97305,34.61207],[-89.97309,34.617]]}},{"type":"Feature","properties":{"l":"road","c":"minor","n":"Marvin Street"},"geometry":{"type":"LineString","coordinates":[[-89.97291,34.617],[-89.97292,34.61761]]}},{"type":"Feature","properties":{"l":"road","c":"minor","n":"Bowden Street"},"geometry":{"type":"LineString","coordinates":[[-89.95738,34.62366],[-89.9636,34.62364]]}},{"type":"Feature","properties":{"l":"road","c":"minor","n":"Lauderdale Cove"},"geometry":{"type":"LineString","coordinates":[[-89.96712,34.61216],[-89.96707,34.61175],[-89.96711,34.61076]]}},{"type":"Feature","properties":{"l":"road","c":"minor","n":"Cut Off Road"},"geometry":{"type":"LineString","coordinates":[[-89.97655,34.66448],[-89.96882,34.6646]]}},{"type":"Feature","properties":{"l":"road","c":"minor","n":"Circle Gate Drive"},"geometry":{"type":"LineString","coordinates":[[-89.96192,34.61726],[-89.96149,34.61725],[-89.96134,34.61713],[-89.96137,34.61696],[-89.9616,34.61681],[-89.9618,34.61675]]}},{"type":"Feature","properties":{"l":"road","c":"minor","n":"Baddour Boulevard"},"geometry":{"type":"LineString","coordinates":[[-89.96854,34.60109],[-89.96968,34.6011],[-89.96976,34.60105],[-89.96978,34.60052],[-89.96981,34.60042],[-89.97011,34.60053],[-89.97029,34.60056],[-89.97052,34.60053],[-89.9711,34.60037],[-89.97141,34.6004],[-89.97281,34.6008],[-89.97304,34.6008],[-89.97323,34.60076],[-89.97451,34.60022],[-89.97489,34.60014],[-89.97523,34.60013],[-89.9763,34.60033],[-89.9768,34.60034],[-89.97709,34.60028],[-89.97739,34.60016],[-89.97757,34.60003],[-89.97764,34.5999],[-89.9777,34.59963]]}},{"type":"Feature","properties":{"l":"road","c":"minor","n":"Oakley Road"},"geometry":{"type":"LineString","coordinates":[[-89.99365,34.6453],[-89.99124,34.6451],[-89.99109,34.64565],[-89.99024,34.64661],[-89.98999,34.64684],[-89.98963,34.64691],[-89.98872,34.64664],[-89.9881,34.64651],[-89.98753,34.64652]]}},{"type":"Feature","properties":{"l":"road","c":"minor","n":"Oakley Road"},"geometry":{"type":"LineString","coordinates":[[-89.99139,34.64327],[-89.99187,34.64325]]}},{"type":"Feature","properties":{"l":"road","c":"minor","n":"Oakley Road"},"geometry":{"type":"LineString","coordinates":[[-89.99073,34.64353],[-89.99139,34.64327]]}},{"type":"Feature","properties":{"l":"road","c":"minor","n":"Oakley Road"},"geometry":{"type":"LineString","coordinates":[[-89.98972,34.64088],[-89.98969,34.64232],[-89.98973,34.64241],[-89.98988,34.64246],[-89.99102,34.64244],[-89.99131,34.64251],[-89.99135,34.64264],[-89.99139,34.64327]]}},{"type":"Feature","properties":{"l":"road","c":"minor","n":"Robinson Street"},"geometry":{"type":"LineString","coordinates":[[-89.96212,34.61807],[-89.96322,34.62213],[-89.96417,34.626],[-89.96419,34.62672],[-89.96441,34.62756],[-89.96445,34.62802]]}},{"type":"Feature","properties":{"l":"road","c":"minor","n":"Steve Street"},"geometry":{"type":"LineString","coordinates":[[-89.97227,34.60756],[-89.97097,34.60762],[-89.97056,34.60762],[-89.96854,34.60748]]}},{"type":"Feature","properties":{"l":"road","c":"minor","n":"Enrichment Cove"},"geometry":{"type":"LineString","coordinates":[[-89.97999,34.59883],[-89.97998,34.5985]]}},{"type":"Feature","properties":{"l":"road","c":"minor","n":"Brookside Drive"},"geometry":{"type":"LineString","coordinates":[[-89.9837,34.61894],[-89.98364,34.61955],[-89.98355,34.61972],[-89.98334,34.61996],[-89.98242,34.62035],[-89.98142,34.62093],[-89.98117,34.62111],[-89.98099,34.62133],[-89.98093,34.62153],[-89.98092,34.62203],[-89.98098,34.62213],[-89.98108,34.62219],[-89.98196,34.62221],[-89.98225,34.62228],[-89.9825,34.62241],[-89.98289,34.62271]]}},{"type":"Feature","properties":{"l":"road","c":"minor","n":"South Ward Street"},"geometry":{"type":"LineString","coordinates":[[-89.96489,34.61077],[-89.96494,34.61213],[-89.96494,34.61447],[-89.96528,34.61569],[-89.96595,34.61847]]}},{"type":"Feature","properties":{"l":"road","c":"minor","n":"Merry Hill Ranch Road"},"geometry":{"type":"LineString","coordinates":[[-90.00416,34.6409],[-89.9916,34.64083],[-89.98972,34.64088],[-89.98741,34.64085],[-89.98407,34.64095],[-89.98238,34.64095],[-89.97903,34.64101],[-89.97281,34.64117],[-89.97051,34.64132]]}},{"type":"Feature","properties":{"l":"road","c":"minor","n":"Mills Cove"},"geometry":{"type":"LineString","coordinates":[[-89.97307,34.61361],[-89.97409,34.61361]]}},{"type":"Feature","properties":{"l":"road","c":"minor","n":"Oakley Cove"},"geometry":{"type":"LineString","coordinates":[[-89.99102,34.64244],[-89.99102,34.64166]]}},{"type":"Feature","properties":{"l":"road","c":"minor","n":"Wild Leaf Drive"},"geometry":{"type":"LineString","coordinates":[[-89.98283,34.62131],[-89.98443,34.62143]]}},{"type":"Feature","properties":{"l":"road","c":"minor","n":"Poe Cove"},"geometry":{"type":"LineString","coordinates":[[-89.98973,34.64241],[-89.98806,34.64374]]}},{"type":"Feature","properties":{"l":"road","c":"minor","n":"Court Street"},"geometry":{"type":"LineString","coordinates":[[-89.96855,34.61678],[-89.96565,34.61724]]}},{"type":"Feature","properties":{"l":"road","c":"minor","n":"Gann Street"},"geometry":{"type":"LineString","coordinates":[[-89.9758,34.61924],[-89.97582,34.61841],[-89.97575,34.61696]]}},{"type":"Feature","properties":{"l":"road","c":"minor","n":"Annadale Lane"},"geometry":{"type":"LineString","coordinates":[[-89.97459,34.59213],[-89.97421,34.59206],[-89.97408,34.59211],[-89.97401,34.5922],[-89.97305,34.59509],[-89.97299,34.5959],[-89.97295,34.59771]]}},{"type":"Feature","properties":{"l":"road","c":"minor","n":"Leslie Drive"},"geometry":{"type":"LineString","coordinates":[[-89.98308,34.61173],[-89.98304,34.6105],[-89.98295,34.61006],[-89.98275,34.60968],[-89.98248,34.60936],[-89.98201,34.60901]]}},{"type":"Feature","properties":{"l":"road","c":"minor","n":"Morgan Lane"},"geometry":{"type":"LineString","coordinates":[[-89.98055,34.6118],[-89.98063,34.61491],[-89.98065,34.61662],[-89.98062,34.61695]]}},{"type":"Feature","properties":{"l":"road","c":"minor","n":"David Road"},"geometry":{"type":"LineString","coordinates":[[-89.96008,34.65988],[-89.95995,34.665]]}},{"type":"Feature","properties":{"l":"road","c":"minor","n":"Stadium Drive"},"geometry":{"type":"LineString","coordinates":[[-89.97805,34.61922],[-89.978,34.61943]]}},{"type":"Feature","properties":{"l":"road","c":"minor","n":"Allen"},"geometry":{"type":"LineString","coordinates":[[-89.96857,34.62721],[-89.96739,34.62723],[-89.96735,34.62727],[-89.96741,34.62789]]}},{"type":"Feature","properties":{"l":"road","c":"minor","n":"Allen"},"geometry":{"type":"LineString","coordinates":[[-89.96735,34.6279],[-89.96767,34.62991],[-89.96777,34.63041],[-89.96792,34.63064],[-89.96807,34.63076],[-89.96826,34.63083],[-89.96857,34.63083]]}},{"type":"Feature","properties":{"l":"road","c":"minor","n":"Peach Tree Drive"},"geometry":{"type":"LineString","coordinates":[[-89.98933,34.61121],[-89.98922,34.61072],[-89.98918,34.61006],[-89.98927,34.60949],[-89.98946,34.60901],[-89.98942,34.60797]]}},{"type":"Feature","properties":{"l":"road","c":"minor","n":"Southern Avenue"},"geometry":{"type":"LineString","coordinates":[[-89.9796,34.61346],[-89.97493,34.6136]]}},{"type":"Feature","properties":{"l":"road","c":"minor","n":"Gilmore Street"},"geometry":{"type":"LineString","coordinates":[[-89.96526,34.61565],[-89.96326,34.61592],[-89.9628,34.61601]]}},{"type":"Feature","properties":{"l":"road","c":"minor","n":"Wooten Street"},"geometry":{"type":"LineString","coordinates":[[-89.96707,34.61175],[-89.9665,34.61175],[-89.96589,34.61196],[-89.96494,34.61213],[-89.96346,34.61215]]}},{"type":"Feature","properties":{"l":"road","c":"minor","n":"Wes Line Cove"},"geometry":{"type":"LineString","coordinates":[[-89.97745,34.61814],[-89.97701,34.61817],[-89.97689,34.61813],[-89.97673,34.61793]]}},{"type":"Feature","properties":{"l":"road","c":"minor","n":"Sycamore Street"},"geometry":{"type":"LineString","coordinates":[[-89.98488,34.61714],[-89.98516,34.61718],[-89.98555,34.61715],[-89.9857,34.61707],[-89.9858,34.61697],[-89.98587,34.6168]]}},{"type":"Feature","properties":{"l":"road","c":"minor","n":"Stage Road"},"geometry":{"type":"LineString","coordinates":[[-90.00371,34.6194],[-90.00373,34.61968],[-90.00393,34.6206],[-90.00398,34.62119],[-90.004,34.62505],[-90.00378,34.62599],[-90.00357,34.62642],[-90.00349,34.63087],[-90.00351,34.63278],[-90.00381,34.63342],[-90.00399,34.63367],[-90.00409,34.63475],[-90.0041,34.63767],[-90.00417,34.64003],[-90.00416,34.64301],[-90.00421,34.6457],[-90.00427,34.65467],[-90.00432,34.65491],[-90.00461,34.65587],[-90.00465,34.65691],[-90.00468,34.65707],[-90.00567,34.65995],[-90.00589,34.66077],[-90.00592,34.66171],[-90.00604,34.66239],[-90.00607,34.6631],[-90.00614,34.66346],[-90.00637,34.66396],[-90.007,34.665]]}},{"type":"Feature","properties":{"l":"road","c":"minor","n":"Moore Avenue"},"geometry":{"type":"LineString","coordinates":[[-89.96856,34.63281],[-89.97002,34.63277]]}},{"type":"Feature","properties":{"l":"road","c":"minor","n":"West Street"},"geometry":{"type":"LineString","coordinates":[[-89.97036,34.61705],[-89.97036,34.61943]]}},{"type":"Feature","properties":{"l":"road","c":"minor","n":"West Street"},"geometry":{"type":"LineString","coordinates":[[-89.97009,34.61502],[-89.97004,34.61509],[-89.97003,34.61705]]}},{"type":"Feature","properties":{"l":"road","c":"minor","n":"MS 740"},"geometry":{"type":"LineString","coordinates":[[-89.94213,34.58836],[-89.94523,34.58826]]}},{"type":"Feature","properties":{"l":"road","c":"minor","n":"MS 740"},"geometry":{"type":"LineString","coordinates":[[-89.94521,34.58792],[-89.94213,34.58804]]}},{"type":"Feature","properties":{"l":"road","c":"minor","n":"Lisa"},"geometry":{"type":"LineString","coordinates":[[-89.98163,34.61467],[-89.98231,34.61464]]}},{"type":"Feature","properties":{"l":"road","c":"minor","n":"Nikki Drive"},"geometry":{"type":"LineString","coordinates":[[-89.98162,34.6137],[-89.9827,34.61369]]}},{"type":"Feature","properties":{"l":"road","c":"minor","n":"Nikki Drive"},"geometry":{"type":"LineString","coordinates":[[-89.98165,34.61561],[-89.98235,34.61563]]}},{"type":"Feature","properties":{"l":"road","c":"minor","n":"Nikki Drive"},"geometry":{"type":"LineString","coordinates":[[-89.98064,34.61595],[-89.98149,34.61592],[-89.98164,34.61576],[-89.98165,34.61561]]}},{"type":"Feature","properties":{"l":"road","c":"minor","n":"Nikki Drive"},"geometry":{"type":"LineString","coordinates":[[-89.98165,34.61561],[-89.98162,34.6137]]}},{"type":"Feature","properties":{"l":"road","c":"minor","n":"Nikki Drive"},"geometry":{"type":"LineString","coordinates":[[-89.9806,34.61369],[-89.98162,34.6137]]}},{"type":"Feature","properties":{"l":"road","c":"minor","n":"Providence Place Drive"},"geometry":{"type":"LineString","coordinates":[[-89.96866,34.63503],[-89.96971,34.635],[-89.97044,34.63486],[-89.97125,34.63486],[-89.97174,34.63506],[-89.97197,34.63527],[-89.97209,34.63545],[-89.97222,34.63615]]}},{"type":"Feature","properties":{"l":"road","c":"minor","n":"Providence Place"},"geometry":{"type":"LineString","coordinates":[[-89.97218,34.63589],[-89.9728,34.63588],[-89.97384,34.6355],[-89.97393,34.63544],[-89.97396,34.63535],[-89.97393,34.63516],[-89.97386,34.63506],[-89.97375,34.63504],[-89.97213,34.63563]]}},{"type":"Feature","properties":{"l":"road","c":"minor","n":"Aspen Cove"},"geometry":{"type":"LineString","coordinates":[[-89.98625,34.60344],[-89.98727,34.60343],[-89.98725,34.60267],[-89.98735,34.60252]]}},{"type":"Feature","properties":{"l":"road","c":"minor","n":"Eagle Street"},"geometry":{"type":"LineString","coordinates":[[-89.98625,34.60344],[-89.98422,34.60343]]}},{"type":"Feature","properties":{"l":"road","c":"minor","n":"Eagle Cove"},"geometry":{"type":"LineString","coordinates":[[-89.98539,34.60344],[-89.98538,34.60388]]}},{"type":"Feature","properties":{"l":"road","c":"minor","n":"Robin Cove"},"geometry":{"type":"LineString","coordinates":[[-89.98563,34.6026],[-89.98445,34.60259]]}},{"type":"Feature","properties":{"l":"road","c":"minor","n":"Raven Street"},"geometry":{"type":"LineString","coordinates":[[-89.98475,34.60174],[-89.98424,34.60174]]}},{"type":"Feature","properties":{"l":"road","c":"minor","n":"Cardinal Lane"},"geometry":{"type":"LineString","coordinates":[[-89.98473,34.60058],[-89.98482,34.60113],[-89.98481,34.60149],[-89.98458,34.60228],[-89.98424,34.60301],[-89.98421,34.60421]]}},{"type":"Feature","properties":{"l":"road","c":"minor","n":"Falcon Street"},"geometry":{"type":"LineString","coordinates":[[-89.98422,34.60389],[-89.98192,34.60394]]}},{"type":"Feature","properties":{"l":"road","c":"minor","n":"Claire Cove"},"geometry":{"type":"LineString","coordinates":[[-89.97028,34.59892],[-89.97032,34.59875],[-89.97029,34.5983],[-89.97041,34.5977]]}},{"type":"Feature","properties":{"l":"road","c":"minor","n":"Eagle View Dr"},"geometry":{"type":"LineString","coordinates":[[-90.00486,34.61505],[-90.00473,34.61499],[-90.00465,34.61487],[-90.00466,34.61022],[-90.00471,34.61003],[-90.00497,34.60992]]}},{"type":"Feature","properties":{"l":"road","c":"minor","n":"Garrison Dr"},"geometry":{"type":"LineString","coordinates":[[-90.00855,34.61501],[-90.00857,34.61291],[-90.00801,34.61211],[-90.00787,34.61176],[-90.00782,34.61159],[-90.00779,34.61124],[-90.00784,34.61034],[-90.00776,34.61023],[-90.00753,34.61016],[-90.00608,34.61],[-90.00497,34.60992]]}},{"type":"Feature","properties":{"l":"road","c":"minor","n":"Justice Drive"},"geometry":{"type":"LineString","coordinates":[[-89.99311,34.612],[-89.99383,34.612]]}},{"type":"Feature","properties":{"l":"road","c":"minor","n":"Rocky Crk Dr"},"geometry":{"type":"LineString","coordinates":[[-90.00486,34.61505],[-90.00911,34.61502]]}},{"type":"Feature","properties":{"l":"road","c":"minor","n":"Cross Crk Dr"},"geometry":{"type":"LineString","coordinates":[[-90.00669,34.61503],[-90.00667,34.61466],[-90.00651,34.61436],[-90.00548,34.6129],[-90.00531,34.61278],[-90.00503,34.61274],[-90.00387,34.61273]]}},{"type":"Feature","properties":{"l":"road","c":"minor","n":"South Front Street"},"geometry":{"type":"LineString","coordinates":[[-89.96438,34.61803],[-89.96454,34.6187]]}},{"type":"Feature","properties":{"l":"road","c":"major","n":"Norfleet Drive"},"geometry":{"type":"LineString","coordinates":[[-89.9539,34.61954],[-89.9539,34.62304],[-89.95393,34.62402],[-89.95398,34.62448],[-89.95414,34.62529],[-89.95444,34.6264],[-89.95454,34.62668],[-89.95469,34.62696],[-89.95485,34.62715],[-89.95508,34.62735],[-89.95558,34.6276],[-89.95589,34.62767],[-89.95903,34.62798],[-89.95976,34.62801]]}},{"type":"Feature","properties":{"l":"road","c":"major","n":"Main Street"},"geometry":{"type":"LineString","coordinates":[[-89.97739,34.61693],[-89.96967,34.61707],[-89.96918,34.61716],[-89.96886,34.61729]]}},{"type":"Feature","properties":{"l":"road","c":"major","n":"Main Street"},"geometry":{"type":"LineString","coordinates":[[-89.96886,34.61729],[-89.96859,34.61732]]}},{"type":"Feature","properties":{"l":"road","c":"major","n":"Main Street"},"geometry":{"type":"LineString","coordinates":[[-89.96863,34.61747],[-89.96886,34.61729]]}},{"type":"Feature","properties":{"l":"road","c":"major","n":"West Main Street"},"geometry":{"type":"LineString","coordinates":[[-89.96814,34.61768],[-89.96839,34.61755]]}},{"type":"Feature","properties":{"l":"road","c":"major","n":"West Main Street"},"geometry":{"type":"LineString","coordinates":[[-89.9683,34.61739],[-89.96817,34.61755],[-89.96814,34.61768]]}},{"type":"Feature","properties":{"l":"road","c":"major","n":"West Main Street"},"geometry":{"type":"LineString","coordinates":[[-89.96814,34.61768],[-89.96806,34.61787],[-89.96796,34.61798],[-89.96785,34.61807],[-89.96761,34.61819],[-89.96366,34.61885]]}},{"type":"Feature","properties":{"l":"road","c":"major","n":"Quality Lane"},"geometry":{"type":"LineString","coordinates":[[-89.96857,34.62779],[-89.96775,34.62784],[-89.96685,34.62798],[-89.96636,34.62803],[-89.95976,34.62801]]}},{"type":"Feature","properties":{"l":"road","c":"major","n":"East Main Street"},"geometry":{"type":"LineString","coordinates":[[-89.96366,34.61885],[-89.96017,34.61948],[-89.95946,34.61955],[-89.95458,34.61958],[-89.95251,34.61942]]}},{"type":"Feature","properties":{"l":"road","c":"major","n":"Wilson Drive"},"geometry":{"type":"LineString","coordinates":[[-89.99022,34.61883],[-89.99019,34.61929],[-89.99006,34.61986],[-89.98918,34.62197],[-89.98764,34.62548],[-89.9874,34.62595],[-89.98719,34.62625],[-89.98683,34.62666],[-89.98643,34.62702],[-89.98597,34.62733],[-89.98539,34.62763],[-89.9847,34.62788],[-89.98408,34.62801],[-89.98326,34.62809],[-89.96857,34.62779]]}},{"type":"Feature","properties":{"l":"road","c":"major","n":"Old Highway 4"},"geometry":{"type":"LineString","coordinates":[[-89.99022,34.61883],[-89.98377,34.61736],[-89.98232,34.61711],[-89.98135,34.61701],[-89.98005,34.61692],[-89.97934,34.6169],[-89.97739,34.61693]]}},{"type":"Feature","properties":{"l":"road","c":"major","n":"MS 740"},"geometry":{"type":"LineString","coordinates":[[-89.96852,34.58646],[-89.9681,34.58651],[-89.96607,34.58708],[-89.96507,34.58723],[-89.95779,34.58752],[-89.94521,34.58792]]}},{"type":"Feature","properties":{"l":"road","c":"major","n":"MS 740"},"geometry":{"type":"LineString","coordinates":[[-89.94523,34.58826],[-89.96327,34.58768],[-89.96541,34.58774],[-89.96852,34.58811]]}},{"type":"Feature","properties":{"l":"road","c":"major","n":"MS 4"},"geometry":{"type":"LineString","coordinates":[[-90.03,34.61918],[-90.02161,34.61919],[-90.01586,34.61917],[-90.01456,34.61914],[-90.01121,34.61916],[-90.00186,34.61945],[-89.99674,34.61966],[-89.99437,34.61949],[-89.993,34.61934],[-89.99181,34.61915],[-89.99022,34.61883]]}},{"type":"Feature","properties":{"l":"road","c":"major","n":"MS 4"},"geometry":{"type":"LineString","coordinates":[[-89.94773,34.61839],[-89.95049,34.6191],[-89.95251,34.61942]]}},{"type":"Feature","properties":{"l":"road","c":"major","n":"MS 4"},"geometry":{"type":"LineString","coordinates":[[-89.925,34.61276],[-89.92639,34.61288],[-89.92772,34.61306],[-89.92841,34.61319],[-89.9311,34.6139],[-89.93797,34.61581],[-89.94081,34.61653]]}},{"type":"Feature","properties":{"l":"road","c":"major"},"geometry":{"type":"LineString","coordinates":[[-89.96859,34.61732],[-89.96845,34.61727]]}},{"type":"Feature","properties":{"l":"road","c":"major"},"geometry":{"type":"LineString","coordinates":[[-89.96839,34.61755],[-89.96855,34.61753]]}},{"type":"Feature","properties":{"l":"road","c":"major","n":"State highway 4"},"geometry":{"type":"LineString","coordinates":[[-89.94081,34.61653],[-89.94773,34.61839]]}},{"type":"Feature","properties":{"l":"road","c":"hwy51","n":"US 51"},"geometry":{"type":"LineString","coordinates":[[-89.96857,34.63358],[-89.96859,34.63437],[-89.96866,34.63503],[-89.96911,34.63691],[-89.96987,34.63908],[-89.97032,34.6406],[-89.9718,34.64636],[-89.9767,34.665]]}},{"type":"Feature","properties":{"l":"road","c":"hwy51","n":"US 51"},"geometry":{"type":"LineString","coordinates":[[-89.96855,34.61753],[-89.96864,34.61744],[-89.96859,34.61732]]}},{"type":"Feature","properties":{"l":"road","c":"hwy51","n":"US 51"},"geometry":{"type":"LineString","coordinates":[[-89.96853,34.585],[-89.9685,34.59768],[-89.96857,34.60461],[-89.96854,34.60937],[-89.96856,34.61709]]}},{"type":"Feature","properties":{"l":"road","c":"hwy51","n":"US 51"},"geometry":{"type":"LineString","coordinates":[[-89.96845,34.61727],[-89.96836,34.61731],[-89.9683,34.61739],[-89.96833,34.6175],[-89.96839,34.61755]]}},{"type":"Feature","properties":{"l":"road","c":"hwy51","n":"North Panola Street"},"geometry":{"type":"LineString","coordinates":[[-89.96851,34.6178],[-89.96855,34.61809],[-89.96856,34.61899],[-89.96855,34.62537],[-89.9686,34.62972],[-89.96857,34.63358]]}},{"type":"Feature","properties":{"l":"road","c":"hwy51","n":"North Panola Street"},"geometry":{"type":"LineString","coordinates":[[-89.96851,34.6178],[-89.96855,34.61753]]}},{"type":"Feature","properties":{"l":"road","c":"hwy51","n":"North Panola Street"},"geometry":{"type":"LineString","coordinates":[[-89.96839,34.61755],[-89.96845,34.61775],[-89.96851,34.6178]]}},{"type":"Feature","properties":{"l":"road","c":"hwy51","n":"South Panola Street"},"geometry":{"type":"LineString","coordinates":[[-89.96856,34.61435],[-89.96979,34.61442]]}},{"type":"Feature","properties":{"l":"road","c":"hwy51","n":"South Panola Street"},"geometry":{"type":"LineString","coordinates":[[-89.96859,34.61732],[-89.9686,34.61719],[-89.96856,34.61709],[-89.96845,34.61727]]}},{"type":"Feature","properties":{"l":"road","c":"motorway","n":"I 55"},"geometry":{"type":"LineString","coordinates":[[-89.96337,34.665],[-89.9564,34.63875],[-89.95325,34.62732],[-89.95113,34.61902],[-89.94845,34.60935],[-89.94807,34.60776],[-89.9478,34.60583],[-89.94773,34.60455],[-89.94764,34.599],[-89.94751,34.59306],[-89.94718,34.585]]}},{"type":"Feature","properties":{"l":"road","c":"motorway","n":"I 55"},"geometry":{"type":"LineString","coordinates":[[-89.94683,34.585],[-89.94683,34.58599],[-89.94736,34.5991],[-89.94739,34.60066],[-89.94749,34.60251],[-89.94759,34.60569],[-89.94768,34.60666],[-89.94794,34.60828],[-89.94816,34.60922],[-89.95096,34.61951],[-89.95113,34.6203],[-89.95305,34.6274],[-89.95335,34.62859],[-89.95398,34.63161],[-89.95526,34.63655],[-89.95896,34.65043],[-89.96006,34.65405],[-89.96104,34.65716],[-89.96314,34.665]]}},{"type":"Feature","properties":{"l":"water"},"geometry":{"type":"Polygon","coordinates":[[[-89.96258,34.63073],[-89.96267,34.63083],[-89.96276,34.63112],[-89.96275,34.63268],[-89.96285,34.63356],[-89.96278,34.63361],[-89.96263,34.63361],[-89.96179,34.63346],[-89.96167,34.63341],[-89.96167,34.63328],[-89.96155,34.63305],[-89.96147,34.63296],[-89.96118,34.63293],[-89.96068,34.63296],[-89.96031,34.63286],[-89.96018,34.63271],[-89.96007,34.63254],[-89.95991,34.63191],[-89.9599,34.63149],[-89.95998,34.63119],[-89.96015,34.63084],[-89.96023,34.63073],[-89.96059,34.63061],[-89.96144,34.6306],[-89.96184,34.63067],[-89.96232,34.63064],[-89.96258,34.63073]]]}},{"type":"Feature","properties":{"l":"water"},"geometry":{"type":"Polygon","coordinates":[[[-89.93526,34.63572],[-89.93282,34.63591],[-89.93165,34.63687],[-89.9313,34.63654],[-89.93215,34.63552],[-89.93202,34.63529],[-89.93102,34.63562],[-89.93043,34.63544],[-89.93068,34.63508],[-89.93255,34.63444],[-89.93351,34.63473],[-89.93386,34.63392],[-89.93448,34.63398],[-89.93494,34.63475],[-89.93571,34.63451],[-89.9363,34.63478],[-89.93526,34.63572]]]}},{"type":"Feature","properties":{"l":"stream"},"geometry":{"type":"LineString","coordinates":[[-89.925,34.63202],[-89.92593,34.63196],[-89.92891,34.63217],[-89.93055,34.6325],[-89.93611,34.63328],[-89.93973,34.63375],[-89.94926,34.63577],[-89.95079,34.63642],[-89.9525,34.63643],[-89.95479,34.63724],[-89.95708,34.63836],[-89.95795,34.63929],[-89.95912,34.64104],[-89.9625,34.64405]]}},{"type":"Feature","properties":{"l":"stream"},"geometry":{"type":"LineString","coordinates":[[-89.9625,34.64405],[-89.97059,34.65195],[-89.97097,34.65248],[-89.97147,34.65371],[-89.97198,34.65428],[-89.97236,34.65442],[-89.97416,34.65421],[-89.97547,34.65464],[-89.9869,34.66208],[-89.98768,34.66303],[-89.98884,34.665]]}},{"type":"Feature","properties":{"l":"water"},"geometry":{"type":"Polygon","coordinates":[[[-89.94055,34.65464],[-89.94064,34.65463],[-89.94071,34.6547],[-89.94048,34.65494],[-89.94019,34.65504],[-89.93994,34.65517],[-89.93921,34.65541],[-89.93906,34.65537],[-89.93897,34.65529],[-89.93861,34.65459],[-89.93861,34.65451],[-89.9387,34.65434],[-89.93921,34.65415],[-89.93959,34.6538],[-89.93965,34.65368],[-89.9397,34.65366],[-89.93975,34.65372],[-89.93976,34.65409],[-89.9397,34.65429],[-89.93975,34.65451],[-89.93982,34.65454],[-89.94052,34.65459],[-89.94055,34.65464]]]}},{"type":"Feature","properties":{"l":"water"},"geometry":{"type":"Polygon","coordinates":[[[-89.98357,34.6097],[-89.983,34.60878],[-89.98214,34.60823],[-89.98329,34.60743],[-89.98349,34.60794],[-89.98411,34.60859],[-89.98398,34.60977],[-89.98357,34.6097]]]}},{"type":"Feature","properties":{"l":"water"},"geometry":{"type":"Polygon","coordinates":[[[-89.96402,34.66234],[-89.96396,34.66227],[-89.96385,34.66224],[-89.9635,34.66226],[-89.96342,34.66231],[-89.96326,34.66254],[-89.96321,34.66256],[-89.96315,34.66255],[-89.96312,34.66235],[-89.9632,34.66222],[-89.96338,34.66208],[-89.96365,34.66198],[-89.96381,34.66198],[-89.96406,34.66193],[-89.96412,34.66186],[-89.96419,34.66168],[-89.96423,34.66178],[-89.9642,34.66222],[-89.9641,34.66234],[-89.96402,34.66234]]]}},{"type":"Feature","properties":{"l":"water"},"geometry":{"type":"Polygon","coordinates":[[[-89.96693,34.66301],[-89.96687,34.66283],[-89.96695,34.66274],[-89.96694,34.66267],[-89.96701,34.66254],[-89.96719,34.66253],[-89.96722,34.66255],[-89.96722,34.66264],[-89.96705,34.66297],[-89.96693,34.66301]]]}},{"type":"Feature","properties":{"l":"water"},"geometry":{"type":"Polygon","coordinates":[[[-89.97623,34.66217],[-89.97615,34.66213],[-89.97603,34.66211],[-89.97585,34.6614],[-89.97602,34.66135],[-89.97581,34.66038],[-89.97716,34.66091],[-89.97874,34.66338],[-89.97939,34.66469],[-89.97926,34.66494],[-89.97836,34.66466],[-89.9782,34.66488],[-89.97836,34.665],[-89.97699,34.665],[-89.97623,34.66217]]]}},{"type":"Feature","properties":{"l":"water"},"geometry":{"type":"Polygon","coordinates":[[[-89.97561,34.66147],[-89.97567,34.66151],[-89.97575,34.66178],[-89.97572,34.66192],[-89.97562,34.66207],[-89.97544,34.66212],[-89.97546,34.66215],[-89.97521,34.66218],[-89.97563,34.66381],[-89.97495,34.66438],[-89.97347,34.66328],[-89.97319,34.66317],[-89.97366,34.66278],[-89.97354,34.66256],[-89.97366,34.66231],[-89.97293,34.66159],[-89.97117,34.66084],[-89.9705,34.66002],[-89.9653,34.65831],[-89.96509,34.65766],[-89.96496,34.65584],[-89.96395,34.6557],[-89.96402,34.65538],[-89.96271,34.65524],[-89.96322,34.65303],[-89.96258,34.65136],[-89.96198,34.65117],[-89.9619,34.65176],[-89.96155,34.65208],[-89.96084,34.65177],[-89.95985,34.65056],[-89.95963,34.6501],[-89.95949,34.64997],[-89.95876,34.65012],[-89.95851,34.65026],[-89.9585,34.65045],[-89.95843,34.65049],[-89.95835,34.65029],[-89.95742,34.64903],[-89.95679,34.64877],[-89.95457,34.64706],[-89.95668,34.64604],[-89.95696,34.6467],[-89.95777,34.64648],[-89.95828,34.64838],[-89.9581,34.64851],[-89.95812,34.6486],[-89.95895,34.64868],[-89.95916,34.64844],[-89.96036,34.64818],[-89.96144,34.64944],[-89.96282,34.64941],[-89.96367,34.64998],[-89.96253,34.65056],[-89.96349,34.65082],[-89.96601,34.65204],[-89.96609,34.65277],[-89.96529,34.65315],[-89.96558,34.65344],[-89.9664,34.65312],[-89.96742,34.65364],[-89.96771,34.65333],[-89.96804,34.65349],[-89.96821,34.65449],[-89.96901,34.65498],[-89.96939,34.65591],[-89.97042,34.65662],[-89.97143,34.65833],[-89.97194,34.659],[-89.97262,34.65941],[-89.97345,34.65981],[-89.9746,34.66005],[-89.97492,34.66104],[-89.97497,34.66138],[-89.97507,34.66148],[-89.97523,34.66144],[-89.97524,34.66136],[-89.97526,34.66136],[-89.97531,34.66146],[-89.97542,34.66144],[-89.97549,34.66148],[-89.97561,34.66147]]]}},{"type":"Feature","properties":{"l":"water"},"geometry":{"type":"Polygon","coordinates":[[[-89.96337,34.65917],[-89.96328,34.65914],[-89.96321,34.65902],[-89.96314,34.65897],[-89.96319,34.65896],[-89.96331,34.65868],[-89.96334,34.65849],[-89.9633,34.65837],[-89.96317,34.65826],[-89.9631,34.65824],[-89.96301,34.65826],[-89.96299,34.65822],[-89.96308,34.6581],[-89.96312,34.65792],[-89.96348,34.65793],[-89.9635,34.65796],[-89.96348,34.65807],[-89.96363,34.6582],[-89.96371,34.65844],[-89.96371,34.65849],[-89.96358,34.65862],[-89.9635,34.65896],[-89.96337,34.65917]]]}},{"type":"Feature","properties":{"l":"water"},"geometry":{"type":"Polygon","coordinates":[[[-90.01548,34.6186],[-90.01545,34.61853],[-90.01506,34.61828],[-90.01487,34.61811],[-90.01551,34.61773],[-90.01558,34.61776],[-90.01582,34.61833],[-90.01581,34.61839],[-90.01566,34.61847],[-90.01562,34.61857],[-90.01548,34.6186]]]}},{"type":"Feature","properties":{"l":"water"},"geometry":{"type":"Polygon","coordinates":[[[-90.02487,34.62496],[-90.02468,34.62489],[-90.02455,34.62491],[-90.02446,34.62486],[-90.02448,34.62463],[-90.02452,34.62458],[-90.02472,34.62463],[-90.02505,34.62481],[-90.02504,34.62486],[-90.02487,34.62496]]]}},{"type":"Feature","properties":{"l":"water"},"geometry":{"type":"Polygon","coordinates":[[[-90.02328,34.62157],[-90.02313,34.62151],[-90.0231,34.62141],[-90.02319,34.62121],[-90.0233,34.62108],[-90.02341,34.62108],[-90.02365,34.6212],[-90.02386,34.62138],[-90.02366,34.62153],[-90.02328,34.62157]]]}},{"type":"Feature","properties":{"l":"wood"},"geometry":{"type":"Polygon","coordinates":[[[-89.9902,34.62191],[-89.99009,34.62108],[-89.98983,34.62098],[-89.99019,34.62004],[-89.99029,34.62006],[-89.9904,34.62035],[-89.99027,34.62052],[-89.99044,34.6211],[-89.99027,34.62153],[-89.9904,34.6219],[-89.9902,34.62191]]]}},{"type":"Feature","properties":{"l":"water"},"geometry":{"type":"Polygon","coordinates":[[[-89.9884,34.62041],[-89.98836,34.62037],[-89.9884,34.62018],[-89.98851,34.62009],[-89.98866,34.61989],[-89.98882,34.61987],[-89.98871,34.62013],[-89.98873,34.62034],[-89.9886,34.62043],[-89.9884,34.62041]]]}},{"type":"Feature","properties":{"l":"water"},"geometry":{"type":"Polygon","coordinates":[[[-89.98812,34.62104],[-89.9881,34.62093],[-89.98828,34.62071],[-89.98835,34.62049],[-89.98862,34.62048],[-89.98872,34.62066],[-89.98893,34.62061],[-89.98913,34.62044],[-89.98923,34.62044],[-89.9892,34.62063],[-89.98913,34.62068],[-89.98915,34.62077],[-89.98893,34.62091],[-89.98876,34.62127],[-89.98866,34.62131],[-89.98812,34.62104]]]}},{"type":"Feature","properties":{"l":"water"},"geometry":{"type":"Polygon","coordinates":[[[-89.9945,34.62488],[-89.9938,34.62463],[-89.99346,34.6244],[-89.99313,34.62436],[-89.99273,34.62441],[-89.9924,34.62442],[-89.99222,34.62451],[-89.99197,34.62473],[-89.99182,34.62492],[-89.99179,34.62513],[-89.99188,34.6254],[-89.99177,34.62547],[-89.99111,34.62533],[-89.99095,34.62533],[-89.99081,34.62524],[-89.99039,34.62382],[-89.99041,34.62376],[-89.99082,34.6236],[-89.99107,34.62343],[-89.99124,34.62324],[-89.99153,34.6232],[-89.99184,34.623],[-89.99176,34.62294],[-89.99176,34.62287],[-89.99198,34.62269],[-89.99199,34.62251],[-89.99215,34.62221],[-89.99261,34.62177],[-89.99329,34.62089],[-89.99343,34.62036],[-89.99354,34.62037],[-89.99359,34.62089],[-89.99349,34.62103],[-89.99365,34.62176],[-89.99381,34.62203],[-89.99379,34.6221],[-89.99341,34.62228],[-89.99319,34.62251],[-89.99311,34.62266],[-89.99312,34.62341],[-89.99322,34.62351],[-89.99346,34.62365],[-89.99363,34.62366],[-89.99364,34.62374],[-89.99435,34.62439],[-89.99425,34.6246],[-89.99455,34.62484],[-89.9945,34.62488]]]}},{"type":"Feature","properties":{"l":"water"},"geometry":{"type":"Polygon","coordinates":[[[-89.99456,34.61915],[-89.99407,34.61912],[-89.99391,34.61904],[-89.99405,34.61874],[-89.99406,34.6186],[-89.99423,34.61862],[-89.99432,34.61873],[-89.99433,34.61883],[-89.99453,34.61889],[-89.99442,34.61892],[-89.99454,34.61898],[-89.99459,34.6191],[-89.99456,34.61915]]]}},{"type":"Feature","properties":{"l":"water"},"geometry":{"type":"Polygon","coordinates":[[[-89.98931,34.61846],[-89.98897,34.61839],[-89.98891,34.61836],[-89.98889,34.61831],[-89.989,34.61808],[-89.98923,34.61792],[-89.98928,34.61791],[-89.98945,34.61805],[-89.98936,34.61843],[-89.98931,34.61846]]]}},{"type":"Feature","properties":{"l":"water"},"geometry":{"type":"Polygon","coordinates":[[[-89.93179,34.65517],[-89.93177,34.65482],[-89.93193,34.65475],[-89.93216,34.65502],[-89.932,34.65515],[-89.93179,34.65517]]]}},{"type":"Feature","properties":{"l":"water"},"geometry":{"type":"Polygon","coordinates":[[[-89.97824,34.61865],[-89.97835,34.61857],[-89.97841,34.61844],[-89.97845,34.61841],[-89.97864,34.61847],[-89.97868,34.61843],[-89.97866,34.61869],[-89.97869,34.61875],[-89.97866,34.6188],[-89.97854,34.61883],[-89.97828,34.6188],[-89.97823,34.61875],[-89.97824,34.61865]]]}},{"type":"Feature","properties":{"l":"water"},"geometry":{"type":"Polygon","coordinates":[[[-89.9614,34.60221],[-89.96116,34.60237],[-89.96103,34.60237],[-89.96086,34.60217],[-89.96079,34.60185],[-89.96084,34.60167],[-89.9609,34.60161],[-89.96119,34.60133],[-89.96132,34.60123],[-89.96144,34.6012],[-89.96153,34.60124],[-89.96157,34.6013],[-89.96158,34.60163],[-89.96164,34.60176],[-89.96176,34.60189],[-89.9617,34.60205],[-89.96157,34.60214],[-89.9614,34.60221]]]}},{"type":"Feature","properties":{"l":"wood"},"geometry":{"type":"Polygon","coordinates":[[[-90.00485,34.62643],[-90.00498,34.62572],[-90.00415,34.62551],[-90.00413,34.62537],[-90.00469,34.62536],[-90.00481,34.62494],[-90.00508,34.62505],[-90.00525,34.62508],[-90.00537,34.62503],[-90.00548,34.62424],[-90.00566,34.62411],[-90.00579,34.62407],[-90.00623,34.62367],[-90.00635,34.62363],[-90.00646,34.62366],[-90.00659,34.62379],[-90.00663,34.62501],[-90.00715,34.62563],[-90.00731,34.62644],[-90.00485,34.62643]]]}},{"type":"Feature","properties":{"l":"wood"},"geometry":{"type":"Polygon","coordinates":[[[-90.00579,34.62407],[-90.00547,34.62415],[-90.00528,34.62416],[-90.00482,34.62401],[-90.00441,34.624],[-90.00399,34.62372],[-90.00399,34.62355],[-90.00471,34.62353],[-90.0048,34.62336],[-90.00474,34.62317],[-90.00473,34.62272],[-90.00481,34.6225],[-90.00484,34.62229],[-90.00459,34.62205],[-90.00448,34.622],[-90.00435,34.62202],[-90.00428,34.62303],[-90.00399,34.62306],[-90.00398,34.62119],[-90.00393,34.6206],[-90.00373,34.61968],[-90.00371,34.6194],[-90.00547,34.61934],[-90.00565,34.61946],[-90.00452,34.61953],[-90.00455,34.61997],[-90.00503,34.6202],[-90.00557,34.62058],[-90.00593,34.62105],[-90.00614,34.62108],[-90.00628,34.62116],[-90.00638,34.62128],[-90.00651,34.62084],[-90.00634,34.62077],[-90.00599,34.62034],[-90.00539,34.62018],[-90.00542,34.61991],[-90.0059,34.61999],[-90.00625,34.62015],[-90.00651,34.62038],[-90.00673,34.62043],[-90.00692,34.62025],[-90.00706,34.62019],[-90.0072,34.62019],[-90.00718,34.62082],[-90.00764,34.6209],[-90.00811,34.62113],[-90.00889,34.6216],[-90.00909,34.62218],[-90.00909,34.62251],[-90.00899,34.6226],[-90.00818,34.62276],[-90.0079,34.62271],[-90.00699,34.62283],[-90.00688,34.62291],[-90.00693,34.62303],[-90.00605,34.62331],[-90.00635,34.62363],[-90.00579,34.62407]]]}},{"type":"Feature","properties":{"l":"wood"},"geometry":{"type":"Polygon","coordinates":[[[-90.00831,34.62307],[-90.00908,34.62323],[-90.00972,34.62381],[-90.00977,34.62472],[-90.00952,34.62463],[-90.0093,34.62449],[-90.00873,34.62432],[-90.00869,34.62454],[-90.00833,34.62439],[-90.00804,34.6244],[-90.00789,34.62433],[-90.00783,34.62412],[-90.00738,34.62356],[-90.00703,34.623],[-90.00728,34.62315],[-90.00741,34.62339],[-90.0075,34.62319],[-90.00767,34.62321],[-90.008,34.62367],[-90.00827,34.62372],[-90.00857,34.62418],[-90.00902,34.62418],[-90.0091,34.62396],[-90.0089,34.62398],[-90.00845,34.62374],[-90.00837,34.62362],[-90.00818,34.62347],[-90.00801,34.62326],[-90.00801,34.62316],[-90.00814,34.62309],[-90.00831,34.62307]]]}},{"type":"Feature","properties":{"l":"wood"},"geometry":{"type":"Polygon","coordinates":[[[-90.00845,34.6204],[-90.00857,34.62021],[-90.00876,34.62014],[-90.00907,34.62006],[-90.00966,34.62013],[-90.00959,34.62153],[-90.00946,34.62163],[-90.00922,34.6217],[-90.00894,34.62151],[-90.00897,34.62111],[-90.00869,34.62057],[-90.00845,34.6204]]]}},{"type":"Feature","properties":{"l":"wood"},"geometry":{"type":"Polygon","coordinates":[[[-90.00776,34.62059],[-90.0075,34.62046],[-90.00745,34.62019],[-90.00726,34.62014],[-90.00656,34.61974],[-90.00681,34.61967],[-90.00733,34.61997],[-90.00783,34.62007],[-90.00799,34.62039],[-90.00776,34.62059]]]}},{"type":"Feature","properties":{"l":"wood"},"geometry":{"type":"Polygon","coordinates":[[[-90.00781,34.62085],[-90.00809,34.62055],[-90.00829,34.62051],[-90.00838,34.62063],[-90.00837,34.6208],[-90.00827,34.62107],[-90.00781,34.62085]]]}},{"type":"Feature","properties":{"l":"wood"},"geometry":{"type":"Polygon","coordinates":[[[-90.01076,34.62326],[-90.01005,34.62311],[-90.00986,34.62299],[-90.00979,34.62289],[-90.00974,34.62275],[-90.00973,34.62235],[-90.00984,34.62226],[-90.01006,34.62221],[-90.01023,34.62184],[-90.01014,34.62158],[-90.01043,34.62144],[-90.01064,34.6213],[-90.01127,34.62168],[-90.01107,34.62197],[-90.01078,34.62287],[-90.01076,34.62326]]]}},{"type":"Feature","properties":{"l":"wood"},"geometry":{"type":"Polygon","coordinates":[[[-90.00839,34.62529],[-90.00825,34.6252],[-90.00814,34.62506],[-90.00766,34.62506],[-90.00751,34.62538],[-90.00711,34.62558],[-90.00663,34.62501],[-90.00681,34.62507],[-90.00715,34.62501],[-90.00749,34.62504],[-90.00791,34.625],[-90.00816,34.62493],[-90.0083,34.62483],[-90.00882,34.62492],[-90.00863,34.62529],[-90.00839,34.62529]]]}},{"type":"Feature","properties":{"l":"wood"},"geometry":{"type":"Polygon","coordinates":[[[-90.00792,34.62452],[-90.00801,34.62461],[-90.00799,34.62465],[-90.00787,34.62471],[-90.00779,34.62467],[-90.0078,34.62454],[-90.00792,34.62452]]]}},{"type":"Feature","properties":{"l":"wood"},"geometry":{"type":"Polygon","coordinates":[[[-90.00684,34.62488],[-90.00676,34.62486],[-90.00669,34.62477],[-90.00677,34.62469],[-90.00686,34.62467],[-90.00691,34.62477],[-90.00684,34.62488]]]}},{"type":"Feature","properties":{"l":"wood"},"geometry":{"type":"Polygon","coordinates":[[[-90.00829,34.6247],[-90.00828,34.62458],[-90.00842,34.62454],[-90.00852,34.62461],[-90.00851,34.62466],[-90.00848,34.62471],[-90.00834,34.62471],[-90.00829,34.6247]]]}},{"type":"Feature","properties":{"l":"water"},"geometry":{"type":"Polygon","coordinates":[[[-90.00594,34.62176],[-90.00582,34.62178],[-90.00576,34.62184],[-90.00569,34.62177],[-90.00562,34.62176],[-90.00556,34.62183],[-90.0055,34.62182],[-90.00544,34.62173],[-90.00549,34.62168],[-90.00548,34.62161],[-90.00558,34.62165],[-90.00577,34.62155],[-90.00578,34.62159],[-90.00583,34.62156],[-90.00585,34.6216],[-90.00594,34.6216],[-90.0059,34.6217],[-90.00594,34.62176]]]}},{"type":"Feature","properties":{"l":"water"},"geometry":{"type":"Polygon","coordinates":[[[-89.92902,34.66329],[-89.92873,34.66308],[-89.92871,34.66292],[-89.92903,34.66266],[-89.92915,34.66238],[-89.92942,34.66206],[-89.9302,34.66157],[-89.93029,34.66154],[-89.93046,34.66162],[-89.93141,34.66268],[-89.9316,34.66295],[-89.93183,34.66345],[-89.93178,34.66376],[-89.9317,34.6638],[-89.93161,34.6638],[-89.93124,34.66367],[-89.93104,34.66348],[-89.93098,34.66324],[-89.93089,34.66321],[-89.93081,34.66326],[-89.93073,34.6634],[-89.93048,34.66352],[-89.93043,34.66368],[-89.93041,34.66393],[-89.93037,34.664],[-89.93027,34.66403],[-89.93018,34.66401],[-89.93006,34.66389],[-89.93001,34.66366],[-89.93005,34.66319],[-89.93003,34.66311],[-89.92994,34.66306],[-89.92977,34.66302],[-89.92968,34.66305],[-89.92943,34.6633],[-89.92923,34.66337],[-89.92902,34.66329]]]}},{"type":"Feature","properties":{"l":"water"},"geometry":{"type":"Polygon","coordinates":[[[-89.97334,34.59123],[-89.97328,34.59118],[-89.97333,34.59093],[-89.97357,34.59091],[-89.97363,34.59121],[-89.97361,34.59123],[-89.97334,34.59123]]]}},{"type":"Feature","properties":{"l":"water"},"geometry":{"type":"Polygon","coordinates":[[[-89.98189,34.60061],[-89.98155,34.60081],[-89.98115,34.60097],[-89.98082,34.6004],[-89.98084,34.60033],[-89.98116,34.60023],[-89.9816,34.59991],[-89.98168,34.59993],[-89.98172,34.60001],[-89.98174,34.6004],[-89.98177,34.60049],[-89.98189,34.60061]]]}},{"type":"Feature","properties":{"l":"water"},"geometry":{"type":"Polygon","coordinates":[[[-89.97182,34.59186],[-89.9723,34.59182],[-89.9723,34.59177],[-89.97235,34.59176],[-89.97257,34.5918],[-89.97273,34.59192],[-89.97279,34.59203],[-89.97279,34.59222],[-89.97268,34.59229],[-89.97253,34.5923],[-89.97245,34.5922],[-89.97221,34.59218],[-89.97205,34.59209],[-89.9719,34.59209],[-89.97182,34.59193],[-89.97182,34.59186]]]}},{"type":"Feature","properties":{"l":"water"},"geometry":{"type":"Polygon","coordinates":[[[-89.97394,34.58972],[-89.97463,34.58957],[-89.97471,34.58962],[-89.97475,34.58974],[-89.97473,34.58979],[-89.97447,34.59],[-89.97441,34.59016],[-89.97436,34.59018],[-89.97409,34.59006],[-89.97377,34.58971],[-89.9739,34.5897],[-89.97394,34.58972]]]}},{"type":"Feature","properties":{"l":"rail","c":"rail"},"geometry":{"type":"LineString","coordinates":[[-89.97599,34.665],[-89.97589,34.6645],[-89.97261,34.6519]]}},{"type":"Feature","properties":{"l":"rail","c":"rail"},"geometry":{"type":"LineString","coordinates":[[-89.97261,34.6519],[-89.96987,34.64144]]}},{"type":"Feature","properties":{"l":"rail","c":"rail"},"geometry":{"type":"LineString","coordinates":[[-89.97261,34.6519],[-89.97232,34.65103],[-89.96999,34.64212],[-89.96987,34.64144]]}},{"type":"Feature","properties":{"l":"rail","c":"rail"},"geometry":{"type":"LineString","coordinates":[[-89.96987,34.64144],[-89.96803,34.63441]]}},{"type":"Feature","properties":{"l":"rail","c":"rail"},"geometry":{"type":"LineString","coordinates":[[-89.96803,34.63441],[-89.96788,34.63327]]}},{"type":"Feature","properties":{"l":"rail","c":"rail"},"geometry":{"type":"LineString","coordinates":[[-89.96803,34.63441],[-89.96765,34.6329],[-89.96686,34.62997]]}},{"type":"Feature","properties":{"l":"rail","c":"rail"},"geometry":{"type":"LineString","coordinates":[[-89.96686,34.62997],[-89.96545,34.62467],[-89.96414,34.61953],[-89.96369,34.61785],[-89.96291,34.61437],[-89.96218,34.61075],[-89.96147,34.60767],[-89.96033,34.60241]]}},{"type":"Feature","properties":{"l":"rail","c":"rail"},"geometry":{"type":"LineString","coordinates":[[-89.96686,34.62997],[-89.96677,34.62971],[-89.96668,34.62954],[-89.96656,34.62941],[-89.96643,34.6293],[-89.96625,34.62922],[-89.9659,34.62916]]}},{"type":"Feature","properties":{"l":"rail","c":"rail"},"geometry":{"type":"LineString","coordinates":[[-89.96033,34.60241],[-89.95655,34.585]]}},{"type":"Feature","properties":{"l":"rail","c":"rail"},"geometry":{"type":"LineString","coordinates":[[-89.96033,34.60241],[-89.96013,34.60186],[-89.96001,34.60167],[-89.95984,34.60148],[-89.9596,34.60127],[-89.95906,34.60099],[-89.95877,34.60092],[-89.95836,34.60087]]}},{"type":"Feature","properties":{"l":"rail","c":"rail"},"geometry":{"type":"LineString","coordinates":[[-89.95836,34.60087],[-89.95798,34.60089],[-89.95725,34.60103],[-89.95669,34.60104]]}},{"type":"Feature","properties":{"l":"rail","c":"rail"},"geometry":{"type":"LineString","coordinates":[[-89.95836,34.60087],[-89.95792,34.60086]]}},{"type":"Feature","properties":{"l":"rail","c":"rail"},"geometry":{"type":"LineString","coordinates":[[-89.95792,34.60086],[-89.95675,34.60098],[-89.95602,34.60098]]}},{"type":"Feature","properties":{"l":"rail","c":"rail"},"geometry":{"type":"LineString","coordinates":[[-89.95792,34.60086],[-89.95755,34.60086]]}},{"type":"Feature","properties":{"l":"rail","c":"rail"},"geometry":{"type":"LineString","coordinates":[[-89.95755,34.60086],[-89.95704,34.60091],[-89.95602,34.60092]]}},{"type":"Feature","properties":{"l":"rail","c":"rail"},"geometry":{"type":"LineString","coordinates":[[-89.95755,34.60086],[-89.95316,34.60084]]}},{"type":"Feature","properties":{"l":"edge"},"geometry":{"type":"LineString","coordinates":[[-89.98002,34.61947],[-89.96862,34.61947],[-89.96863,34.62775],[-89.98002,34.62799],[-89.98002,34.61947]]}}]}